"Date","Source","Site ID","POC","Daily Mean PM2.5 Concentration","UNITS","DAILY_AQI_VALUE","Site Name","DAILY_OBS_COUNT","PERCENT_COMPLETE","AQS_PARAMETER_CODE","AQS_PARAMETER_DESC","CBSA_CODE","CBSA_NAME","STATE_CODE","STATE","COUNTY_CODE","COUNTY","SITE_LATITUDE","SITE_LONGITUDE"
"02/01/2023","AQS","360050080","3","6.9","ug/m3 LC","29","MORRISANIA","1","100.0000","88502","Acceptable PM2.5 AQI & Speciation Mass","35620","New York-Newark-Jersey City, NY-NJ-PA","36","New York","005","Bronx","40.83606","-73.92009"
"02/02/2023","AQS","360050080","3","7.5","ug/m3 LC","31","MORRISANIA","1","100.0000","88502","Acceptable PM2.5 AQI & Speciation Mass","35620","New York-Newark-Jersey City, NY-NJ-PA","36","New York","005","Bronx","40.83606","-73.92009"
"02/03/2023","AQS","360050080","3","7.3","ug/m3 LC","30","MORRISANIA","1","100.0000","88502","Acceptable PM2.5 AQI & Speciation Mass","35620","New York-Newark-Jersey City, NY-NJ-PA","36","New York","005","Bronx","40.83606","-73.92009"
"02/04/2023","AQS","360050080","3","5.5","ug/m3 LC","23","MORRISANIA","1","100.0000","88502","Acceptable PM2.5 AQI & Speciation Mass","35620","New York-Newark-Jersey City, NY-NJ-PA","36","New York","005","Bronx","40.83606","-73.92009"
"02/05/2023","AQS","360050080","3","9.5","ug/m3 LC","40","MORRISANIA","1","100.0000","88502","Acceptable PM2.5 AQI & Speciation Mass","35620","New York-Newark-Jersey City, NY-NJ-PA","36","New York","005","Bronx","40.83606","-73.92009"
"02/06/2023","AQS","360050080","3","12.6","ug/m3 LC","52","MORRISANIA","1","100.0000","88502","Acceptable PM2.5 AQI & Speciation Mass","35620","New York-Newark-Jersey City, NY-NJ-PA","36","New York","005","Bronx","40.83606","-73.92009"
"02/07/2023","AQS","360050080","3","9.3","ug/m3 LC","39","MORRISANIA","1","100.0000","88502","Acceptable PM2.5 AQI & Speciation Mass","35620","New York-Newark-Jersey City, NY-NJ-PA","36","New York","005","Bronx","40.83606","-73.92009"
"02/08/2023","AQS","360050080","3","10.1","ug/m3 LC","42","MORRISANIA","1","100.0000","88502","Acceptable PM2.5 AQI & Speciation Mass","35620","New York-Newark-Jersey City, NY-NJ-PA","36","New York","005","Bronx","40.83606","-73.92009"
"02/09/2023","AQS","360050080","3","12.7","ug/m3 LC","52","MORRISANIA","1","100.0000","88502","Acceptable PM2.5 AQI & Speciation Mass","35620","New York-Newark-Jersey City, NY-NJ-PA","36","New York","005","Bronx","40.83606","-73.92009"
"02/10/2023","AQS","360050080","3","7.4","ug/m3 LC","31","MORRISANIA","1","100.0000","88502","Acceptable PM2.5 AQI & Speciation Mass","35620","New York-Newark-Jersey City, NY-NJ-PA","36","New York","005","Bronx","40.83606","-73.92009"
"02/11/2023","AQS","360050080","3","5.4","ug/m3 LC","23","MORRISANIA","1","100.0000","88502","Acceptable PM2.5 AQI & Speciation Mass","35620","New York-Newark-Jersey City, NY-NJ-PA","36","New York","005","Bronx","40.83606","-73.92009"
"02/12/2023","AQS","360050080","3","7.7","ug/m3 LC","32","MORRISANIA","1","100.0000","88502","Acceptable PM2.5 AQI & Speciation Mass","35620","New York-Newark-Jersey City, NY-NJ-PA","36","New York","005","Bronx","40.83606","-73.92009"
"02/13/2023","AQS","360050080","3","6.7","ug/m3 LC","28","MORRISANIA","1","100.0000","88502","Acceptable PM2.5 AQI & Speciation Mass","35620","New York-Newark-Jersey City, NY-NJ-PA","36","New York","005","Bronx","40.83606","-73.92009"
"02/14/2023","AQS","360050080","3","9.1","ug/m3 LC","38","MORRISANIA","1","100.0000","88502","Acceptable PM2.5 AQI & Speciation Mass","35620","New York-Newark-Jersey City, NY-NJ-PA","36","New York","005","Bronx","40.83606","-73.92009"
"02/15/2023","AQS","360050080","3","8","ug/m3 LC","33","MORRISANIA","1","100.0000","88502","Acceptable PM2.5 AQI & Speciation Mass","35620","New York-Newark-Jersey City, NY-NJ-PA","36","New York","005","Bronx","40.83606","-73.92009"
"02/16/2023","AQS","360050080","3","13","ug/m3 LC","53","MORRISANIA","1","100.0000","88502","Acceptable PM2.5 AQI & Speciation Mass","35620","New York-Newark-Jersey City, NY-NJ-PA","36","New York","005","Bronx","40.83606","-73.92009"
"02/17/2023","AQS","360050080","3","8.1","ug/m3 LC","34","MORRISANIA","1","100.0000","88502","Acceptable PM2.5 AQI & Speciation Mass","35620","New York-Newark-Jersey City, NY-NJ-PA","36","New York","005","Bronx","40.83606","-73.92009"
"02/18/2023","AQS","360050080","3","5.9","ug/m3 LC","25","MORRISANIA","1","100.0000","88502","Acceptable PM2.5 AQI & Speciation Mass","35620","New York-Newark-Jersey City, NY-NJ-PA","36","New York","005","Bronx","40.83606","-73.92009"
"02/19/2023","AQS","360050080","3","7.8","ug/m3 LC","33","MORRISANIA","1","100.0000","88502","Acceptable PM2.5 AQI & Speciation Mass","35620","New York-Newark-Jersey City, NY-NJ-PA","36","New York","005","Bronx","40.83606","-73.92009"
"02/20/2023","AQS","360050080","3","7.9","ug/m3 LC","33","MORRISANIA","1","100.0000","88502","Acceptable PM2.5 AQI & Speciation Mass","35620","New York-Newark-Jersey City, NY-NJ-PA","36","New York","005","Bronx","40.83606","-73.92009"
"02/21/2023","AQS","360050080","3","9.3","ug/m3 LC","39","MORRISANIA","1","100.0000","88502","Acceptable PM2.5 AQI & Speciation Mass","35620","New York-Newark-Jersey City, NY-NJ-PA","36","New York","005","Bronx","40.83606","-73.92009"
"02/22/2023","AQS","360050080","3","7.1","ug/m3 LC","30","MORRISANIA","1","100.0000","88502","Acceptable PM2.5 AQI & Speciation Mass","35620","New York-Newark-Jersey City, NY-NJ-PA","36","New York","005","Bronx","40.83606","-73.92009"
"02/23/2023","AQS","360050080","3","4.6","ug/m3 LC","19","MORRISANIA","1","100.0000","88502","Acceptable PM2.5 AQI & Speciation Mass","35620","New York-Newark-Jersey City, NY-NJ-PA","36","New York","005","Bronx","40.83606","-73.92009"
"02/24/2023","AQS","360050080","3","6","ug/m3 LC","25","MORRISANIA","1","100.0000","88502","Acceptable PM2.5 AQI & Speciation Mass","35620","New York-Newark-Jersey City, NY-NJ-PA","36","New York","005","Bronx","40.83606","-73.92009"
"02/25/2023","AQS","360050080","3","4.1","ug/m3 LC","17","MORRISANIA","1","100.0000","88502","Acceptable PM2.5 AQI & Speciation Mass","35620","New York-Newark-Jersey City, NY-NJ-PA","36","New York","005","Bronx","40.83606","-73.92009"
"02/26/2023","AQS","360050080","3","10.3","ug/m3 LC","43","MORRISANIA","1","100.0000","88502","Acceptable PM2.5 AQI & Speciation Mass","35620","New York-Newark-Jersey City, NY-NJ-PA","36","New York","005","Bronx","40.83606","-73.92009"
"02/27/2023","AQS","360050080","3","5.4","ug/m3 LC","23","MORRISANIA","1","100.0000","88502","Acceptable PM2.5 AQI & Speciation Mass","35620","New York-Newark-Jersey City, NY-NJ-PA","36","New York","005","Bronx","40.83606","-73.92009"
"02/28/2023","AQS","360050080","3","6.5","ug/m3 LC","27","MORRISANIA","1","100.0000","88502","Acceptable PM2.5 AQI & Speciation Mass","35620","New York-Newark-Jersey City, NY-NJ-PA","36","New York","005","Bronx","40.83606","-73.92009"
"03/01/2023","AQS","360050080","3","6.3","ug/m3 LC","26","MORRISANIA","1","100.0000","88502","Acceptable PM2.5 AQI & Speciation Mass","35620","New York-Newark-Jersey City, NY-NJ-PA","36","New York","005","Bronx","40.83606","-73.92009"
"03/02/2023","AQS","360050080","3","6.5","ug/m3 LC","27","MORRISANIA","1","100.0000","88502","Acceptable PM2.5 AQI & Speciation Mass","35620","New York-Newark-Jersey City, NY-NJ-PA","36","New York","005","Bronx","40.83606","-73.92009"
"03/03/2023","AQS","360050080","3","3.2","ug/m3 LC","13","MORRISANIA","1","100.0000","88502","Acceptable PM2.5 AQI & Speciation Mass","35620","New York-Newark-Jersey City, NY-NJ-PA","36","New York","005","Bronx","40.83606","-73.92009"
"03/04/2023","AQS","360050080","3","4","ug/m3 LC","17","MORRISANIA","1","100.0000","88502","Acceptable PM2.5 AQI & Speciation Mass","35620","New York-Newark-Jersey City, NY-NJ-PA","36","New York","005","Bronx","40.83606","-73.92009"
"03/05/2023","AQS","360050080","3","5.4","ug/m3 LC","23","MORRISANIA","1","100.0000","88502","Acceptable PM2.5 AQI & Speciation Mass","35620","New York-Newark-Jersey City, NY-NJ-PA","36","New York","005","Bronx","40.83606","-73.92009"
"03/06/2023","AQS","360050080","3","4.5","ug/m3 LC","19","MORRISANIA","1","100.0000","88502","Acceptable PM2.5 AQI & Speciation Mass","35620","New York-Newark-Jersey City, NY-NJ-PA","36","New York","005","Bronx","40.83606","-73.92009"
"03/07/2023","AQS","360050080","3","4.3","ug/m3 LC","18","MORRISANIA","1","100.0000","88502","Acceptable PM2.5 AQI & Speciation Mass","35620","New York-Newark-Jersey City, NY-NJ-PA","36","New York","005","Bronx","40.83606","-73.92009"
"03/08/2023","AQS","360050080","3","3.7","ug/m3 LC","15","MORRISANIA","1","100.0000","88502","Acceptable PM2.5 AQI & Speciation Mass","35620","New York-Newark-Jersey City, NY-NJ-PA","36","New York","005","Bronx","40.83606","-73.92009"
"03/09/2023","AQS","360050080","3","3.9","ug/m3 LC","16","MORRISANIA","1","100.0000","88502","Acceptable PM2.5 AQI & Speciation Mass","35620","New York-Newark-Jersey City, NY-NJ-PA","36","New York","005","Bronx","40.83606","-73.92009"
"03/10/2023","AQS","360050080","3","5","ug/m3 LC","21","MORRISANIA","1","100.0000","88502","Acceptable PM2.5 AQI & Speciation Mass","35620","New York-Newark-Jersey City, NY-NJ-PA","36","New York","005","Bronx","40.83606","-73.92009"
"03/11/2023","AQS","360050080","3","5.1","ug/m3 LC","21","MORRISANIA","1","100.0000","88502","Acceptable PM2.5 AQI & Speciation Mass","35620","New York-Newark-Jersey City, NY-NJ-PA","36","New York","005","Bronx","40.83606","-73.92009"
"03/12/2023","AQS","360050080","3","4.9","ug/m3 LC","20","MORRISANIA","1","100.0000","88502","Acceptable PM2.5 AQI & Speciation Mass","35620","New York-Newark-Jersey City, NY-NJ-PA","36","New York","005","Bronx","40.83606","-73.92009"
"03/13/2023","AQS","360050080","3","3.8","ug/m3 LC","16","MORRISANIA","1","100.0000","88502","Acceptable PM2.5 AQI & Speciation Mass","35620","New York-Newark-Jersey City, NY-NJ-PA","36","New York","005","Bronx","40.83606","-73.92009"
"03/14/2023","AQS","360050080","3","2.5","ug/m3 LC","10","MORRISANIA","1","100.0000","88502","Acceptable PM2.5 AQI & Speciation Mass","35620","New York-Newark-Jersey City, NY-NJ-PA","36","New York","005","Bronx","40.83606","-73.92009"
"03/15/2023","AQS","360050080","3","3.8","ug/m3 LC","16","MORRISANIA","1","100.0000","88502","Acceptable PM2.5 AQI & Speciation Mass","35620","New York-Newark-Jersey City, NY-NJ-PA","36","New York","005","Bronx","40.83606","-73.92009"
"03/16/2023","AQS","360050080","3","5.6","ug/m3 LC","23","MORRISANIA","1","100.0000","88502","Acceptable PM2.5 AQI & Speciation Mass","35620","New York-Newark-Jersey City, NY-NJ-PA","36","New York","005","Bronx","40.83606","-73.92009"
"03/17/2023","AQS","360050080","3","14.1","ug/m3 LC","55","MORRISANIA","1","100.0000","88502","Acceptable PM2.5 AQI & Speciation Mass","35620","New York-Newark-Jersey City, NY-NJ-PA","36","New York","005","Bronx","40.83606","-73.92009"
"03/18/2023","AQS","360050080","3","5.6","ug/m3 LC","23","MORRISANIA","1","100.0000","88502","Acceptable PM2.5 AQI & Speciation Mass","35620","New York-Newark-Jersey City, NY-NJ-PA","36","New York","005","Bronx","40.83606","-73.92009"
"03/19/2023","AQS","360050080","3","4.8","ug/m3 LC","20","MORRISANIA","1","100.0000","88502","Acceptable PM2.5 AQI & Speciation Mass","35620","New York-Newark-Jersey City, NY-NJ-PA","36","New York","005","Bronx","40.83606","-73.92009"
"03/20/2023","AQS","360050080","3","7.4","ug/m3 LC","31","MORRISANIA","1","100.0000","88502","Acceptable PM2.5 AQI & Speciation Mass","35620","New York-Newark-Jersey City, NY-NJ-PA","36","New York","005","Bronx","40.83606","-73.92009"
"03/21/2023","AQS","360050080","3","7.1","ug/m3 LC","30","MORRISANIA","1","100.0000","88502","Acceptable PM2.5 AQI & Speciation Mass","35620","New York-Newark-Jersey City, NY-NJ-PA","36","New York","005","Bronx","40.83606","-73.92009"
"03/22/2023","AQS","360050080","3","7.6","ug/m3 LC","32","MORRISANIA","1","100.0000","88502","Acceptable PM2.5 AQI & Speciation Mass","35620","New York-Newark-Jersey City, NY-NJ-PA","36","New York","005","Bronx","40.83606","-73.92009"
"03/23/2023","AQS","360050080","3","11.5","ug/m3 LC","48","MORRISANIA","1","100.0000","88502","Acceptable PM2.5 AQI & Speciation Mass","35620","New York-Newark-Jersey City, NY-NJ-PA","36","New York","005","Bronx","40.83606","-73.92009"
"03/24/2023","AQS","360050080","3","5.1","ug/m3 LC","21","MORRISANIA","1","100.0000","88502","Acceptable PM2.5 AQI & Speciation Mass","35620","New York-Newark-Jersey City, NY-NJ-PA","36","New York","005","Bronx","40.83606","-73.92009"
"03/25/2023","AQS","360050080","3","3.6","ug/m3 LC","15","MORRISANIA","1","100.0000","88502","Acceptable PM2.5 AQI & Speciation Mass","35620","New York-Newark-Jersey City, NY-NJ-PA","36","New York","005","Bronx","40.83606","-73.92009"
"03/26/2023","AQS","360050080","3","4.6","ug/m3 LC","19","MORRISANIA","1","100.0000","88502","Acceptable PM2.5 AQI & Speciation Mass","35620","New York-Newark-Jersey City, NY-NJ-PA","36","New York","005","Bronx","40.83606","-73.92009"
"03/27/2023","AQS","360050080","3","5.5","ug/m3 LC","23","MORRISANIA","1","100.0000","88502","Acceptable PM2.5 AQI & Speciation Mass","35620","New York-Newark-Jersey City, NY-NJ-PA","36","New York","005","Bronx","40.83606","-73.92009"
"03/28/2023","AQS","360050080","3","3.8","ug/m3 LC","16","MORRISANIA","1","100.0000","88502","Acceptable PM2.5 AQI & Speciation Mass","35620","New York-Newark-Jersey City, NY-NJ-PA","36","New York","005","Bronx","40.83606","-73.92009"
"03/29/2023","AQS","360050080","3","4.5","ug/m3 LC","19","MORRISANIA","1","100.0000","88502","Acceptable PM2.5 AQI & Speciation Mass","35620","New York-Newark-Jersey City, NY-NJ-PA","36","New York","005","Bronx","40.83606","-73.92009"
"03/30/2023","AQS","360050080","3","3.5","ug/m3 LC","15","MORRISANIA","1","100.0000","88502","Acceptable PM2.5 AQI & Speciation Mass","35620","New York-Newark-Jersey City, NY-NJ-PA","36","New York","005","Bronx","40.83606","-73.92009"
"03/31/2023","AQS","360050080","3","7.3","ug/m3 LC","30","MORRISANIA","1","100.0000","88502","Acceptable PM2.5 AQI & Speciation Mass","35620","New York-Newark-Jersey City, NY-NJ-PA","36","New York","005","Bronx","40.83606","-73.92009"
"04/01/2023","AQS","360050080","3","5.6","ug/m3 LC","23","MORRISANIA","1","100.0000","88502","Acceptable PM2.5 AQI & Speciation Mass","35620","New York-Newark-Jersey City, NY-NJ-PA","36","New York","005","Bronx","40.83606","-73.92009"
"04/02/2023","AQS","360050080","3","3.2","ug/m3 LC","13","MORRISANIA","1","100.0000","88502","Acceptable PM2.5 AQI & Speciation Mass","35620","New York-Newark-Jersey City, NY-NJ-PA","36","New York","005","Bronx","40.83606","-73.92009"
"04/03/2023","AQS","360050080","3","5.6","ug/m3 LC","23","MORRISANIA","1","100.0000","88502","Acceptable PM2.5 AQI & Speciation Mass","35620","New York-Newark-Jersey City, NY-NJ-PA","36","New York","005","Bronx","40.83606","-73.92009"
"04/04/2023","AQS","360050080","3","10","ug/m3 LC","42","MORRISANIA","1","100.0000","88502","Acceptable PM2.5 AQI & Speciation Mass","35620","New York-Newark-Jersey City, NY-NJ-PA","36","New York","005","Bronx","40.83606","-73.92009"
"04/05/2023","AQS","360050080","3","4.1","ug/m3 LC","17","MORRISANIA","1","100.0000","88502","Acceptable PM2.5 AQI & Speciation Mass","35620","New York-Newark-Jersey City, NY-NJ-PA","36","New York","005","Bronx","40.83606","-73.92009"
"04/06/2023","AQS","360050080","3","8.6","ug/m3 LC","36","MORRISANIA","1","100.0000","88502","Acceptable PM2.5 AQI & Speciation Mass","35620","New York-Newark-Jersey City, NY-NJ-PA","36","New York","005","Bronx","40.83606","-73.92009"
"04/07/2023","AQS","360050080","3","1.2","ug/m3 LC","5","MORRISANIA","1","100.0000","88502","Acceptable PM2.5 AQI & Speciation Mass","35620","New York-Newark-Jersey City, NY-NJ-PA","36","New York","005","Bronx","40.83606","-73.92009"
"04/08/2023","AQS","360050080","3","2.4","ug/m3 LC","10","MORRISANIA","1","100.0000","88502","Acceptable PM2.5 AQI & Speciation Mass","35620","New York-Newark-Jersey City, NY-NJ-PA","36","New York","005","Bronx","40.83606","-73.92009"
"04/09/2023","AQS","360050080","3","4","ug/m3 LC","17","MORRISANIA","1","100.0000","88502","Acceptable PM2.5 AQI & Speciation Mass","35620","New York-Newark-Jersey City, NY-NJ-PA","36","New York","005","Bronx","40.83606","-73.92009"
"04/10/2023","AQS","360050080","3","5.6","ug/m3 LC","23","MORRISANIA","1","100.0000","88502","Acceptable PM2.5 AQI & Speciation Mass","35620","New York-Newark-Jersey City, NY-NJ-PA","36","New York","005","Bronx","40.83606","-73.92009"
"04/12/2023","AQS","360050080","3","10.3","ug/m3 LC","43","MORRISANIA","1","100.0000","88502","Acceptable PM2.5 AQI & Speciation Mass","35620","New York-Newark-Jersey City, NY-NJ-PA","36","New York","005","Bronx","40.83606","-73.92009"
"04/13/2023","AQS","360050080","3","13.6","ug/m3 LC","54","MORRISANIA","1","100.0000","88502","Acceptable PM2.5 AQI & Speciation Mass","35620","New York-Newark-Jersey City, NY-NJ-PA","36","New York","005","Bronx","40.83606","-73.92009"
"04/14/2023","AQS","360050080","3","15.8","ug/m3 LC","59","MORRISANIA","1","100.0000","88502","Acceptable PM2.5 AQI & Speciation Mass","35620","New York-Newark-Jersey City, NY-NJ-PA","36","New York","005","Bronx","40.83606","-73.92009"
"04/15/2023","AQS","360050080","3","3.6","ug/m3 LC","15","MORRISANIA","1","100.0000","88502","Acceptable PM2.5 AQI & Speciation Mass","35620","New York-Newark-Jersey City, NY-NJ-PA","36","New York","005","Bronx","40.83606","-73.92009"
"04/16/2023","AQS","360050080","3","3.1","ug/m3 LC","13","MORRISANIA","1","100.0000","88502","Acceptable PM2.5 AQI & Speciation Mass","35620","New York-Newark-Jersey City, NY-NJ-PA","36","New York","005","Bronx","40.83606","-73.92009"
"04/17/2023","AQS","360050080","3","2.8","ug/m3 LC","12","MORRISANIA","1","100.0000","88502","Acceptable PM2.5 AQI & Speciation Mass","35620","New York-Newark-Jersey City, NY-NJ-PA","36","New York","005","Bronx","40.83606","-73.92009"
"04/18/2023","AQS","360050080","3","2.5","ug/m3 LC","10","MORRISANIA","1","100.0000","88502","Acceptable PM2.5 AQI & Speciation Mass","35620","New York-Newark-Jersey City, NY-NJ-PA","36","New York","005","Bronx","40.83606","-73.92009"
"04/19/2023","AQS","360050080","3","4.1","ug/m3 LC","17","MORRISANIA","1","100.0000","88502","Acceptable PM2.5 AQI & Speciation Mass","35620","New York-Newark-Jersey City, NY-NJ-PA","36","New York","005","Bronx","40.83606","-73.92009"
"04/20/2023","AQS","360050080","3","4.4","ug/m3 LC","18","MORRISANIA","1","100.0000","88502","Acceptable PM2.5 AQI & Speciation Mass","35620","New York-Newark-Jersey City, NY-NJ-PA","36","New York","005","Bronx","40.83606","-73.92009"
"04/21/2023","AQS","360050080","3","5.9","ug/m3 LC","25","MORRISANIA","1","100.0000","88502","Acceptable PM2.5 AQI & Speciation Mass","35620","New York-Newark-Jersey City, NY-NJ-PA","36","New York","005","Bronx","40.83606","-73.92009"
"04/22/2023","AQS","360050080","3","7.7","ug/m3 LC","32","MORRISANIA","1","100.0000","88502","Acceptable PM2.5 AQI & Speciation Mass","35620","New York-Newark-Jersey City, NY-NJ-PA","36","New York","005","Bronx","40.83606","-73.92009"
"04/25/2023","AQS","360050080","3","3","ug/m3 LC","13","MORRISANIA","1","100.0000","88502","Acceptable PM2.5 AQI & Speciation Mass","35620","New York-Newark-Jersey City, NY-NJ-PA","36","New York","005","Bronx","40.83606","-73.92009"
"04/26/2023","AQS","360050080","3","5.7","ug/m3 LC","24","MORRISANIA","1","100.0000","88502","Acceptable PM2.5 AQI & Speciation Mass","35620","New York-Newark-Jersey City, NY-NJ-PA","36","New York","005","Bronx","40.83606","-73.92009"
"04/27/2023","AQS","360050080","3","6.2","ug/m3 LC","26","MORRISANIA","1","100.0000","88502","Acceptable PM2.5 AQI & Speciation Mass","35620","New York-Newark-Jersey City, NY-NJ-PA","36","New York","005","Bronx","40.83606","-73.92009"
"04/28/2023","AQS","360050080","3","4.3","ug/m3 LC","18","MORRISANIA","1","100.0000","88502","Acceptable PM2.5 AQI & Speciation Mass","35620","New York-Newark-Jersey City, NY-NJ-PA","36","New York","005","Bronx","40.83606","-73.92009"
"04/29/2023","AQS","360050080","3","0.9","ug/m3 LC","4","MORRISANIA","1","100.0000","88502","Acceptable PM2.5 AQI & Speciation Mass","35620","New York-Newark-Jersey City, NY-NJ-PA","36","New York","005","Bronx","40.83606","-73.92009"
"04/30/2023","AQS","360050080","3","-0.8","ug/m3 LC","0","MORRISANIA","1","100.0000","88502","Acceptable PM2.5 AQI & Speciation Mass","35620","New York-Newark-Jersey City, NY-NJ-PA","36","New York","005","Bronx","40.83606","-73.92009"
"01/03/2023","AQS","360050110","1","20.3","ug/m3 LC","68","IS 52","1","100.0000","88101","PM2.5 - Local Conditions","35620","New York-Newark-Jersey City, NY-NJ-PA","36","New York","005","Bronx","40.816","-73.902"
"01/06/2023","AQS","360050110","1","6.7","ug/m3 LC","28","IS 52","1","100.0000","88101","PM2.5 - Local Conditions","35620","New York-Newark-Jersey City, NY-NJ-PA","36","New York","005","Bronx","40.816","-73.902"
"01/09/2023","AQS","360050110","1","8.9","ug/m3 LC","37","IS 52","1","100.0000","88101","PM2.5 - Local Conditions","35620","New York-Newark-Jersey City, NY-NJ-PA","36","New York","005","Bronx","40.816","-73.902"
"01/12/2023","AQS","360050110","1","6","ug/m3 LC","25","IS 52","1","100.0000","88101","PM2.5 - Local Conditions","35620","New York-Newark-Jersey City, NY-NJ-PA","36","New York","005","Bronx","40.816","-73.902"
"01/15/2023","AQS","360050110","1","3.8","ug/m3 LC","16","IS 52","1","100.0000","88101","PM2.5 - Local Conditions","35620","New York-Newark-Jersey City, NY-NJ-PA","36","New York","005","Bronx","40.816","-73.902"
"01/18/2023","AQS","360050110","1","6.3","ug/m3 LC","26","IS 52","1","100.0000","88101","PM2.5 - Local Conditions","35620","New York-Newark-Jersey City, NY-NJ-PA","36","New York","005","Bronx","40.816","-73.902"
"01/21/2023","AQS","360050110","1","1.9","ug/m3 LC","8","IS 52","1","100.0000","88101","PM2.5 - Local Conditions","35620","New York-Newark-Jersey City, NY-NJ-PA","36","New York","005","Bronx","40.816","-73.902"
"01/24/2023","AQS","360050110","1","4.8","ug/m3 LC","20","IS 52","1","100.0000","88101","PM2.5 - Local Conditions","35620","New York-Newark-Jersey City, NY-NJ-PA","36","New York","005","Bronx","40.816","-73.902"
"01/27/2023","AQS","360050110","1","6.2","ug/m3 LC","26","IS 52","1","100.0000","88101","PM2.5 - Local Conditions","35620","New York-Newark-Jersey City, NY-NJ-PA","36","New York","005","Bronx","40.816","-73.902"
"01/30/2023","AQS","360050110","1","12.3","ug/m3 LC","51","IS 52","1","100.0000","88101","PM2.5 - Local Conditions","35620","New York-Newark-Jersey City, NY-NJ-PA","36","New York","005","Bronx","40.816","-73.902"
"02/02/2023","AQS","360050110","1","10.2","ug/m3 LC","43","IS 52","1","100.0000","88101","PM2.5 - Local Conditions","35620","New York-Newark-Jersey City, NY-NJ-PA","36","New York","005","Bronx","40.816","-73.902"
"02/05/2023","AQS","360050110","1","9.4","ug/m3 LC","39","IS 52","1","100.0000","88101","PM2.5 - Local Conditions","35620","New York-Newark-Jersey City, NY-NJ-PA","36","New York","005","Bronx","40.816","-73.902"
"02/08/2023","AQS","360050110","1","11.4","ug/m3 LC","48","IS 52","1","100.0000","88101","PM2.5 - Local Conditions","35620","New York-Newark-Jersey City, NY-NJ-PA","36","New York","005","Bronx","40.816","-73.902"
"02/11/2023","AQS","360050110","1","2.7","ug/m3 LC","11","IS 52","1","100.0000","88101","PM2.5 - Local Conditions","35620","New York-Newark-Jersey City, NY-NJ-PA","36","New York","005","Bronx","40.816","-73.902"
"02/14/2023","AQS","360050110","1","5.2","ug/m3 LC","22","IS 52","1","100.0000","88101","PM2.5 - Local Conditions","35620","New York-Newark-Jersey City, NY-NJ-PA","36","New York","005","Bronx","40.816","-73.902"
"02/17/2023","AQS","360050110","1","8.4","ug/m3 LC","35","IS 52","1","100.0000","88101","PM2.5 - Local Conditions","35620","New York-Newark-Jersey City, NY-NJ-PA","36","New York","005","Bronx","40.816","-73.902"
"02/20/2023","AQS","360050110","1","7.5","ug/m3 LC","31","IS 52","1","100.0000","88101","PM2.5 - Local Conditions","35620","New York-Newark-Jersey City, NY-NJ-PA","36","New York","005","Bronx","40.816","-73.902"
"02/23/2023","AQS","360050110","1","4.5","ug/m3 LC","19","IS 52","1","100.0000","88101","PM2.5 - Local Conditions","35620","New York-Newark-Jersey City, NY-NJ-PA","36","New York","005","Bronx","40.816","-73.902"
"02/26/2023","AQS","360050110","1","16.6","ug/m3 LC","60","IS 52","1","100.0000","88101","PM2.5 - Local Conditions","35620","New York-Newark-Jersey City, NY-NJ-PA","36","New York","005","Bronx","40.816","-73.902"
"03/01/2023","AQS","360050110","1","6.5","ug/m3 LC","27","IS 52","1","100.0000","88101","PM2.5 - Local Conditions","35620","New York-Newark-Jersey City, NY-NJ-PA","36","New York","005","Bronx","40.816","-73.902"
"03/04/2023","AQS","360050110","1","2.6","ug/m3 LC","11","IS 52","1","100.0000","88101","PM2.5 - Local Conditions","35620","New York-Newark-Jersey City, NY-NJ-PA","36","New York","005","Bronx","40.816","-73.902"
"03/07/2023","AQS","360050110","1","2.3","ug/m3 LC","10","IS 52","1","100.0000","88101","PM2.5 - Local Conditions","35620","New York-Newark-Jersey City, NY-NJ-PA","36","New York","005","Bronx","40.816","-73.902"
"03/10/2023","AQS","360050110","1","5.6","ug/m3 LC","23","IS 52","1","100.0000","88101","PM2.5 - Local Conditions","35620","New York-Newark-Jersey City, NY-NJ-PA","36","New York","005","Bronx","40.816","-73.902"
"03/13/2023","AQS","360050110","1","4.6","ug/m3 LC","19","IS 52","1","100.0000","88101","PM2.5 - Local Conditions","35620","New York-Newark-Jersey City, NY-NJ-PA","36","New York","005","Bronx","40.816","-73.902"
"03/16/2023","AQS","360050110","1","5.1","ug/m3 LC","21","IS 52","1","100.0000","88101","PM2.5 - Local Conditions","35620","New York-Newark-Jersey City, NY-NJ-PA","36","New York","005","Bronx","40.816","-73.902"
"03/19/2023","AQS","360050110","1","3.2","ug/m3 LC","13","IS 52","1","100.0000","88101","PM2.5 - Local Conditions","35620","New York-Newark-Jersey City, NY-NJ-PA","36","New York","005","Bronx","40.816","-73.902"
"03/22/2023","AQS","360050110","1","7","ug/m3 LC","29","IS 52","1","100.0000","88101","PM2.5 - Local Conditions","35620","New York-Newark-Jersey City, NY-NJ-PA","36","New York","005","Bronx","40.816","-73.902"
"03/25/2023","AQS","360050110","1","4.5","ug/m3 LC","19","IS 52","1","100.0000","88101","PM2.5 - Local Conditions","35620","New York-Newark-Jersey City, NY-NJ-PA","36","New York","005","Bronx","40.816","-73.902"
"03/28/2023","AQS","360050110","1","3.5","ug/m3 LC","15","IS 52","1","100.0000","88101","PM2.5 - Local Conditions","35620","New York-Newark-Jersey City, NY-NJ-PA","36","New York","005","Bronx","40.816","-73.902"
"03/31/2023","AQS","360050110","1","9.2","ug/m3 LC","38","IS 52","1","100.0000","88101","PM2.5 - Local Conditions","35620","New York-Newark-Jersey City, NY-NJ-PA","36","New York","005","Bronx","40.816","-73.902"
"04/03/2023","AQS","360050110","1","5.3","ug/m3 LC","22","IS 52","1","100.0000","88101","PM2.5 - Local Conditions","35620","New York-Newark-Jersey City, NY-NJ-PA","36","New York","005","Bronx","40.816","-73.902"
"01/01/2023","AirNow","360050110","4","6.6","ug/m3 LC","28","IS 52","1","100.0000","88101","PM2.5 - Local Conditions","35620","New York-Newark-Jersey City, NY-NJ-PA","36","New York","005","Bronx","40.816","-73.902"
"01/02/2023","AirNow","360050110","4","10.2","ug/m3 LC","43","IS 52","1","100.0000","88101","PM2.5 - Local Conditions","35620","New York-Newark-Jersey City, NY-NJ-PA","36","New York","005","Bronx","40.816","-73.902"
"01/03/2023","AirNow","360050110","4","22.6","ug/m3 LC","73","IS 52","1","100.0000","88101","PM2.5 - Local Conditions","35620","New York-Newark-Jersey City, NY-NJ-PA","36","New York","005","Bronx","40.816","-73.902"
"01/04/2023","AirNow","360050110","4","17.2","ug/m3 LC","62","IS 52","1","100.0000","88101","PM2.5 - Local Conditions","35620","New York-Newark-Jersey City, NY-NJ-PA","36","New York","005","Bronx","40.816","-73.902"
"01/05/2023","AirNow","360050110","4","7.3","ug/m3 LC","30","IS 52","1","100.0000","88101","PM2.5 - Local Conditions","35620","New York-Newark-Jersey City, NY-NJ-PA","36","New York","005","Bronx","40.816","-73.902"
"01/06/2023","AirNow","360050110","4","8.7","ug/m3 LC","36","IS 52","1","100.0000","88101","PM2.5 - Local Conditions","35620","New York-Newark-Jersey City, NY-NJ-PA","36","New York","005","Bronx","40.816","-73.902"
"01/07/2023","AirNow","360050110","4","5.5","ug/m3 LC","23","IS 52","1","100.0000","88101","PM2.5 - Local Conditions","35620","New York-Newark-Jersey City, NY-NJ-PA","36","New York","005","Bronx","40.816","-73.902"
"01/08/2023","AirNow","360050110","4","5.9","ug/m3 LC","25","IS 52","1","100.0000","88101","PM2.5 - Local Conditions","35620","New York-Newark-Jersey City, NY-NJ-PA","36","New York","005","Bronx","40.816","-73.902"
"01/09/2023","AirNow","360050110","4","10.2","ug/m3 LC","43","IS 52","1","100.0000","88101","PM2.5 - Local Conditions","35620","New York-Newark-Jersey City, NY-NJ-PA","36","New York","005","Bronx","40.816","-73.902"
"01/10/2023","AirNow","360050110","4","10.9","ug/m3 LC","45","IS 52","1","100.0000","88101","PM2.5 - Local Conditions","35620","New York-Newark-Jersey City, NY-NJ-PA","36","New York","005","Bronx","40.816","-73.902"
"01/11/2023","AirNow","360050110","4","7","ug/m3 LC","29","IS 52","1","100.0000","88101","PM2.5 - Local Conditions","35620","New York-Newark-Jersey City, NY-NJ-PA","36","New York","005","Bronx","40.816","-73.902"
"01/12/2023","AirNow","360050110","4","9.2","ug/m3 LC","38","IS 52","1","100.0000","88101","PM2.5 - Local Conditions","35620","New York-Newark-Jersey City, NY-NJ-PA","36","New York","005","Bronx","40.816","-73.902"
"01/13/2023","AirNow","360050110","4","9.8","ug/m3 LC","41","IS 52","1","100.0000","88101","PM2.5 - Local Conditions","35620","New York-Newark-Jersey City, NY-NJ-PA","36","New York","005","Bronx","40.816","-73.902"
"01/14/2023","AirNow","360050110","4","4.5","ug/m3 LC","19","IS 52","1","100.0000","88101","PM2.5 - Local Conditions","35620","New York-Newark-Jersey City, NY-NJ-PA","36","New York","005","Bronx","40.816","-73.902"
"01/15/2023","AirNow","360050110","4","5.3","ug/m3 LC","22","IS 52","1","100.0000","88101","PM2.5 - Local Conditions","35620","New York-Newark-Jersey City, NY-NJ-PA","36","New York","005","Bronx","40.816","-73.902"
"01/16/2023","AirNow","360050110","4","4.7","ug/m3 LC","20","IS 52","1","100.0000","88101","PM2.5 - Local Conditions","35620","New York-Newark-Jersey City, NY-NJ-PA","36","New York","005","Bronx","40.816","-73.902"
"01/17/2023","AirNow","360050110","4","8.8","ug/m3 LC","37","IS 52","1","100.0000","88101","PM2.5 - Local Conditions","35620","New York-Newark-Jersey City, NY-NJ-PA","36","New York","005","Bronx","40.816","-73.902"
"01/18/2023","AirNow","360050110","4","9.4","ug/m3 LC","39","IS 52","1","100.0000","88101","PM2.5 - Local Conditions","35620","New York-Newark-Jersey City, NY-NJ-PA","36","New York","005","Bronx","40.816","-73.902"
"01/19/2023","AirNow","360050110","4","5.6","ug/m3 LC","23","IS 52","1","100.0000","88101","PM2.5 - Local Conditions","35620","New York-Newark-Jersey City, NY-NJ-PA","36","New York","005","Bronx","40.816","-73.902"
"01/20/2023","AirNow","360050110","4","5","ug/m3 LC","21","IS 52","1","100.0000","88101","PM2.5 - Local Conditions","35620","New York-Newark-Jersey City, NY-NJ-PA","36","New York","005","Bronx","40.816","-73.902"
"01/21/2023","AirNow","360050110","4","3.5","ug/m3 LC","15","IS 52","1","100.0000","88101","PM2.5 - Local Conditions","35620","New York-Newark-Jersey City, NY-NJ-PA","36","New York","005","Bronx","40.816","-73.902"
"01/22/2023","AirNow","360050110","4","10.2","ug/m3 LC","43","IS 52","1","100.0000","88101","PM2.5 - Local Conditions","35620","New York-Newark-Jersey City, NY-NJ-PA","36","New York","005","Bronx","40.816","-73.902"
"01/23/2023","AirNow","360050110","4","4","ug/m3 LC","17","IS 52","1","100.0000","88101","PM2.5 - Local Conditions","35620","New York-Newark-Jersey City, NY-NJ-PA","36","New York","005","Bronx","40.816","-73.902"
"01/24/2023","AirNow","360050110","4","6.7","ug/m3 LC","28","IS 52","1","100.0000","88101","PM2.5 - Local Conditions","35620","New York-Newark-Jersey City, NY-NJ-PA","36","New York","005","Bronx","40.816","-73.902"
"01/25/2023","AirNow","360050110","4","8.6","ug/m3 LC","36","IS 52","1","100.0000","88101","PM2.5 - Local Conditions","35620","New York-Newark-Jersey City, NY-NJ-PA","36","New York","005","Bronx","40.816","-73.902"
"01/26/2023","AirNow","360050110","4","4.3","ug/m3 LC","18","IS 52","1","100.0000","88101","PM2.5 - Local Conditions","35620","New York-Newark-Jersey City, NY-NJ-PA","36","New York","005","Bronx","40.816","-73.902"
"01/27/2023","AirNow","360050110","4","8.4","ug/m3 LC","35","IS 52","1","100.0000","88101","PM2.5 - Local Conditions","35620","New York-Newark-Jersey City, NY-NJ-PA","36","New York","005","Bronx","40.816","-73.902"
"01/28/2023","AirNow","360050110","4","7.5","ug/m3 LC","31","IS 52","1","100.0000","88101","PM2.5 - Local Conditions","35620","New York-Newark-Jersey City, NY-NJ-PA","36","New York","005","Bronx","40.816","-73.902"
"01/29/2023","AirNow","360050110","4","9.9","ug/m3 LC","41","IS 52","1","100.0000","88101","PM2.5 - Local Conditions","35620","New York-Newark-Jersey City, NY-NJ-PA","36","New York","005","Bronx","40.816","-73.902"
"01/30/2023","AirNow","360050110","4","14.7","ug/m3 LC","56","IS 52","1","100.0000","88101","PM2.5 - Local Conditions","35620","New York-Newark-Jersey City, NY-NJ-PA","36","New York","005","Bronx","40.816","-73.902"
"01/31/2023","AirNow","360050110","4","7.2","ug/m3 LC","30","IS 52","1","100.0000","88101","PM2.5 - Local Conditions","35620","New York-Newark-Jersey City, NY-NJ-PA","36","New York","005","Bronx","40.816","-73.902"
"02/01/2023","AQS","360050110","4","6.3","ug/m3 LC","26","IS 52","1","100.0000","88101","PM2.5 - Local Conditions","35620","New York-Newark-Jersey City, NY-NJ-PA","36","New York","005","Bronx","40.816","-73.902"
"02/02/2023","AQS","360050110","4","12.6","ug/m3 LC","52","IS 52","1","100.0000","88101","PM2.5 - Local Conditions","35620","New York-Newark-Jersey City, NY-NJ-PA","36","New York","005","Bronx","40.816","-73.902"
"02/03/2023","AQS","360050110","4","6.2","ug/m3 LC","26","IS 52","1","100.0000","88101","PM2.5 - Local Conditions","35620","New York-Newark-Jersey City, NY-NJ-PA","36","New York","005","Bronx","40.816","-73.902"
"02/04/2023","AQS","360050110","4","4","ug/m3 LC","17","IS 52","1","100.0000","88101","PM2.5 - Local Conditions","35620","New York-Newark-Jersey City, NY-NJ-PA","36","New York","005","Bronx","40.816","-73.902"
"02/05/2023","AQS","360050110","4","10.2","ug/m3 LC","43","IS 52","1","100.0000","88101","PM2.5 - Local Conditions","35620","New York-Newark-Jersey City, NY-NJ-PA","36","New York","005","Bronx","40.816","-73.902"
"02/06/2023","AQS","360050110","4","12.8","ug/m3 LC","52","IS 52","1","100.0000","88101","PM2.5 - Local Conditions","35620","New York-Newark-Jersey City, NY-NJ-PA","36","New York","005","Bronx","40.816","-73.902"
"02/07/2023","AQS","360050110","4","11.3","ug/m3 LC","47","IS 52","1","100.0000","88101","PM2.5 - Local Conditions","35620","New York-Newark-Jersey City, NY-NJ-PA","36","New York","005","Bronx","40.816","-73.902"
"02/08/2023","AQS","360050110","4","14.4","ug/m3 LC","56","IS 52","1","100.0000","88101","PM2.5 - Local Conditions","35620","New York-Newark-Jersey City, NY-NJ-PA","36","New York","005","Bronx","40.816","-73.902"
"02/09/2023","AQS","360050110","4","17.7","ug/m3 LC","63","IS 52","1","100.0000","88101","PM2.5 - Local Conditions","35620","New York-Newark-Jersey City, NY-NJ-PA","36","New York","005","Bronx","40.816","-73.902"
"02/10/2023","AQS","360050110","4","7.4","ug/m3 LC","31","IS 52","1","100.0000","88101","PM2.5 - Local Conditions","35620","New York-Newark-Jersey City, NY-NJ-PA","36","New York","005","Bronx","40.816","-73.902"
"02/11/2023","AQS","360050110","4","4","ug/m3 LC","17","IS 52","1","100.0000","88101","PM2.5 - Local Conditions","35620","New York-Newark-Jersey City, NY-NJ-PA","36","New York","005","Bronx","40.816","-73.902"
"02/12/2023","AQS","360050110","4","10.8","ug/m3 LC","45","IS 52","1","100.0000","88101","PM2.5 - Local Conditions","35620","New York-Newark-Jersey City, NY-NJ-PA","36","New York","005","Bronx","40.816","-73.902"
"02/13/2023","AQS","360050110","4","7.1","ug/m3 LC","30","IS 52","1","100.0000","88101","PM2.5 - Local Conditions","35620","New York-Newark-Jersey City, NY-NJ-PA","36","New York","005","Bronx","40.816","-73.902"
"02/14/2023","AQS","360050110","4","6.8","ug/m3 LC","28","IS 52","1","100.0000","88101","PM2.5 - Local Conditions","35620","New York-Newark-Jersey City, NY-NJ-PA","36","New York","005","Bronx","40.816","-73.902"
"02/15/2023","AQS","360050110","4","8.2","ug/m3 LC","34","IS 52","1","100.0000","88101","PM2.5 - Local Conditions","35620","New York-Newark-Jersey City, NY-NJ-PA","36","New York","005","Bronx","40.816","-73.902"
"02/16/2023","AQS","360050110","4","13.2","ug/m3 LC","53","IS 52","1","100.0000","88101","PM2.5 - Local Conditions","35620","New York-Newark-Jersey City, NY-NJ-PA","36","New York","005","Bronx","40.816","-73.902"
"02/17/2023","AQS","360050110","4","10.8","ug/m3 LC","45","IS 52","1","100.0000","88101","PM2.5 - Local Conditions","35620","New York-Newark-Jersey City, NY-NJ-PA","36","New York","005","Bronx","40.816","-73.902"
"02/18/2023","AQS","360050110","4","5.5","ug/m3 LC","23","IS 52","1","100.0000","88101","PM2.5 - Local Conditions","35620","New York-Newark-Jersey City, NY-NJ-PA","36","New York","005","Bronx","40.816","-73.902"
"02/19/2023","AQS","360050110","4","11.6","ug/m3 LC","48","IS 52","1","100.0000","88101","PM2.5 - Local Conditions","35620","New York-Newark-Jersey City, NY-NJ-PA","36","New York","005","Bronx","40.816","-73.902"
"02/20/2023","AQS","360050110","4","10","ug/m3 LC","42","IS 52","1","100.0000","88101","PM2.5 - Local Conditions","35620","New York-Newark-Jersey City, NY-NJ-PA","36","New York","005","Bronx","40.816","-73.902"
"02/21/2023","AQS","360050110","4","11.7","ug/m3 LC","49","IS 52","1","100.0000","88101","PM2.5 - Local Conditions","35620","New York-Newark-Jersey City, NY-NJ-PA","36","New York","005","Bronx","40.816","-73.902"
"02/22/2023","AQS","360050110","4","9.9","ug/m3 LC","41","IS 52","1","100.0000","88101","PM2.5 - Local Conditions","35620","New York-Newark-Jersey City, NY-NJ-PA","36","New York","005","Bronx","40.816","-73.902"
"02/23/2023","AQS","360050110","4","7.8","ug/m3 LC","33","IS 52","1","100.0000","88101","PM2.5 - Local Conditions","35620","New York-Newark-Jersey City, NY-NJ-PA","36","New York","005","Bronx","40.816","-73.902"
"02/24/2023","AQS","360050110","4","6.2","ug/m3 LC","26","IS 52","1","100.0000","88101","PM2.5 - Local Conditions","35620","New York-Newark-Jersey City, NY-NJ-PA","36","New York","005","Bronx","40.816","-73.902"
"02/25/2023","AQS","360050110","4","5.2","ug/m3 LC","22","IS 52","1","100.0000","88101","PM2.5 - Local Conditions","35620","New York-Newark-Jersey City, NY-NJ-PA","36","New York","005","Bronx","40.816","-73.902"
"02/26/2023","AQS","360050110","4","19.2","ug/m3 LC","66","IS 52","1","100.0000","88101","PM2.5 - Local Conditions","35620","New York-Newark-Jersey City, NY-NJ-PA","36","New York","005","Bronx","40.816","-73.902"
"02/27/2023","AQS","360050110","4","7.4","ug/m3 LC","31","IS 52","1","100.0000","88101","PM2.5 - Local Conditions","35620","New York-Newark-Jersey City, NY-NJ-PA","36","New York","005","Bronx","40.816","-73.902"
"02/28/2023","AQS","360050110","4","7.2","ug/m3 LC","30","IS 52","1","100.0000","88101","PM2.5 - Local Conditions","35620","New York-Newark-Jersey City, NY-NJ-PA","36","New York","005","Bronx","40.816","-73.902"
"03/01/2023","AQS","360050110","4","9.4","ug/m3 LC","39","IS 52","1","100.0000","88101","PM2.5 - Local Conditions","35620","New York-Newark-Jersey City, NY-NJ-PA","36","New York","005","Bronx","40.816","-73.902"
"03/02/2023","AQS","360050110","4","10.9","ug/m3 LC","45","IS 52","1","100.0000","88101","PM2.5 - Local Conditions","35620","New York-Newark-Jersey City, NY-NJ-PA","36","New York","005","Bronx","40.816","-73.902"
"03/03/2023","AQS","360050110","4","5","ug/m3 LC","21","IS 52","1","100.0000","88101","PM2.5 - Local Conditions","35620","New York-Newark-Jersey City, NY-NJ-PA","36","New York","005","Bronx","40.816","-73.902"
"03/04/2023","AQS","360050110","4","3.7","ug/m3 LC","15","IS 52","1","100.0000","88101","PM2.5 - Local Conditions","35620","New York-Newark-Jersey City, NY-NJ-PA","36","New York","005","Bronx","40.816","-73.902"
"03/05/2023","AQS","360050110","4","5.5","ug/m3 LC","23","IS 52","1","100.0000","88101","PM2.5 - Local Conditions","35620","New York-Newark-Jersey City, NY-NJ-PA","36","New York","005","Bronx","40.816","-73.902"
"03/06/2023","AQS","360050110","4","5.1","ug/m3 LC","21","IS 52","1","100.0000","88101","PM2.5 - Local Conditions","35620","New York-Newark-Jersey City, NY-NJ-PA","36","New York","005","Bronx","40.816","-73.902"
"03/07/2023","AQS","360050110","4","3.3","ug/m3 LC","14","IS 52","1","100.0000","88101","PM2.5 - Local Conditions","35620","New York-Newark-Jersey City, NY-NJ-PA","36","New York","005","Bronx","40.816","-73.902"
"03/08/2023","AQS","360050110","4","3","ug/m3 LC","13","IS 52","1","100.0000","88101","PM2.5 - Local Conditions","35620","New York-Newark-Jersey City, NY-NJ-PA","36","New York","005","Bronx","40.816","-73.902"
"03/09/2023","AQS","360050110","4","4.1","ug/m3 LC","17","IS 52","1","100.0000","88101","PM2.5 - Local Conditions","35620","New York-Newark-Jersey City, NY-NJ-PA","36","New York","005","Bronx","40.816","-73.902"
"03/10/2023","AQS","360050110","4","7.4","ug/m3 LC","31","IS 52","1","100.0000","88101","PM2.5 - Local Conditions","35620","New York-Newark-Jersey City, NY-NJ-PA","36","New York","005","Bronx","40.816","-73.902"
"03/11/2023","AQS","360050110","4","5.4","ug/m3 LC","23","IS 52","1","100.0000","88101","PM2.5 - Local Conditions","35620","New York-Newark-Jersey City, NY-NJ-PA","36","New York","005","Bronx","40.816","-73.902"
"03/12/2023","AQS","360050110","4","5.3","ug/m3 LC","22","IS 52","1","100.0000","88101","PM2.5 - Local Conditions","35620","New York-Newark-Jersey City, NY-NJ-PA","36","New York","005","Bronx","40.816","-73.902"
"03/13/2023","AQS","360050110","4","6.8","ug/m3 LC","28","IS 52","1","100.0000","88101","PM2.5 - Local Conditions","35620","New York-Newark-Jersey City, NY-NJ-PA","36","New York","005","Bronx","40.816","-73.902"
"03/14/2023","AQS","360050110","4","2.6","ug/m3 LC","11","IS 52","1","100.0000","88101","PM2.5 - Local Conditions","35620","New York-Newark-Jersey City, NY-NJ-PA","36","New York","005","Bronx","40.816","-73.902"
"03/15/2023","AQS","360050110","4","2.4","ug/m3 LC","10","IS 52","1","100.0000","88101","PM2.5 - Local Conditions","35620","New York-Newark-Jersey City, NY-NJ-PA","36","New York","005","Bronx","40.816","-73.902"
"03/16/2023","AQS","360050110","4","7.2","ug/m3 LC","30","IS 52","1","100.0000","88101","PM2.5 - Local Conditions","35620","New York-Newark-Jersey City, NY-NJ-PA","36","New York","005","Bronx","40.816","-73.902"
"03/17/2023","AQS","360050110","4","18.4","ug/m3 LC","64","IS 52","1","100.0000","88101","PM2.5 - Local Conditions","35620","New York-Newark-Jersey City, NY-NJ-PA","36","New York","005","Bronx","40.816","-73.902"
"03/18/2023","AQS","360050110","4","7.2","ug/m3 LC","30","IS 52","1","100.0000","88101","PM2.5 - Local Conditions","35620","New York-Newark-Jersey City, NY-NJ-PA","36","New York","005","Bronx","40.816","-73.902"
"03/19/2023","AQS","360050110","4","4.6","ug/m3 LC","19","IS 52","1","100.0000","88101","PM2.5 - Local Conditions","35620","New York-Newark-Jersey City, NY-NJ-PA","36","New York","005","Bronx","40.816","-73.902"
"03/20/2023","AQS","360050110","4","10","ug/m3 LC","42","IS 52","1","100.0000","88101","PM2.5 - Local Conditions","35620","New York-Newark-Jersey City, NY-NJ-PA","36","New York","005","Bronx","40.816","-73.902"
"03/21/2023","AQS","360050110","4","10.9","ug/m3 LC","45","IS 52","1","100.0000","88101","PM2.5 - Local Conditions","35620","New York-Newark-Jersey City, NY-NJ-PA","36","New York","005","Bronx","40.816","-73.902"
"03/22/2023","AQS","360050110","4","9.6","ug/m3 LC","40","IS 52","1","100.0000","88101","PM2.5 - Local Conditions","35620","New York-Newark-Jersey City, NY-NJ-PA","36","New York","005","Bronx","40.816","-73.902"
"03/23/2023","AQS","360050110","4","20.9","ug/m3 LC","70","IS 52","1","100.0000","88101","PM2.5 - Local Conditions","35620","New York-Newark-Jersey City, NY-NJ-PA","36","New York","005","Bronx","40.816","-73.902"
"03/24/2023","AQS","360050110","4","7.3","ug/m3 LC","30","IS 52","1","100.0000","88101","PM2.5 - Local Conditions","35620","New York-Newark-Jersey City, NY-NJ-PA","36","New York","005","Bronx","40.816","-73.902"
"03/25/2023","AQS","360050110","4","6.8","ug/m3 LC","28","IS 52","1","100.0000","88101","PM2.5 - Local Conditions","35620","New York-Newark-Jersey City, NY-NJ-PA","36","New York","005","Bronx","40.816","-73.902"
"03/26/2023","AQS","360050110","4","6.9","ug/m3 LC","29","IS 52","1","100.0000","88101","PM2.5 - Local Conditions","35620","New York-Newark-Jersey City, NY-NJ-PA","36","New York","005","Bronx","40.816","-73.902"
"03/27/2023","AQS","360050110","4","6.5","ug/m3 LC","27","IS 52","1","100.0000","88101","PM2.5 - Local Conditions","35620","New York-Newark-Jersey City, NY-NJ-PA","36","New York","005","Bronx","40.816","-73.902"
"03/28/2023","AQS","360050110","4","6","ug/m3 LC","25","IS 52","1","100.0000","88101","PM2.5 - Local Conditions","35620","New York-Newark-Jersey City, NY-NJ-PA","36","New York","005","Bronx","40.816","-73.902"
"03/29/2023","AQS","360050110","4","6.2","ug/m3 LC","26","IS 52","1","100.0000","88101","PM2.5 - Local Conditions","35620","New York-Newark-Jersey City, NY-NJ-PA","36","New York","005","Bronx","40.816","-73.902"
"03/30/2023","AQS","360050110","4","4.2","ug/m3 LC","18","IS 52","1","100.0000","88101","PM2.5 - Local Conditions","35620","New York-Newark-Jersey City, NY-NJ-PA","36","New York","005","Bronx","40.816","-73.902"
"03/31/2023","AQS","360050110","4","10.8","ug/m3 LC","45","IS 52","1","100.0000","88101","PM2.5 - Local Conditions","35620","New York-Newark-Jersey City, NY-NJ-PA","36","New York","005","Bronx","40.816","-73.902"
"04/01/2023","AQS","360050110","4","9.5","ug/m3 LC","40","IS 52","1","100.0000","88101","PM2.5 - Local Conditions","35620","New York-Newark-Jersey City, NY-NJ-PA","36","New York","005","Bronx","40.816","-73.902"
"04/02/2023","AQS","360050110","4","2.9","ug/m3 LC","12","IS 52","1","100.0000","88101","PM2.5 - Local Conditions","35620","New York-Newark-Jersey City, NY-NJ-PA","36","New York","005","Bronx","40.816","-73.902"
"04/03/2023","AQS","360050110","4","6.6","ug/m3 LC","28","IS 52","1","100.0000","88101","PM2.5 - Local Conditions","35620","New York-Newark-Jersey City, NY-NJ-PA","36","New York","005","Bronx","40.816","-73.902"
"04/04/2023","AQS","360050110","4","12.9","ug/m3 LC","53","IS 52","1","100.0000","88101","PM2.5 - Local Conditions","35620","New York-Newark-Jersey City, NY-NJ-PA","36","New York","005","Bronx","40.816","-73.902"
"04/05/2023","AQS","360050110","4","9.9","ug/m3 LC","41","IS 52","1","100.0000","88101","PM2.5 - Local Conditions","35620","New York-Newark-Jersey City, NY-NJ-PA","36","New York","005","Bronx","40.816","-73.902"
"04/06/2023","AQS","360050110","4","14.6","ug/m3 LC","56","IS 52","1","100.0000","88101","PM2.5 - Local Conditions","35620","New York-Newark-Jersey City, NY-NJ-PA","36","New York","005","Bronx","40.816","-73.902"
"04/07/2023","AQS","360050110","4","4","ug/m3 LC","17","IS 52","1","100.0000","88101","PM2.5 - Local Conditions","35620","New York-Newark-Jersey City, NY-NJ-PA","36","New York","005","Bronx","40.816","-73.902"
"04/08/2023","AQS","360050110","4","5.4","ug/m3 LC","23","IS 52","1","100.0000","88101","PM2.5 - Local Conditions","35620","New York-Newark-Jersey City, NY-NJ-PA","36","New York","005","Bronx","40.816","-73.902"
"04/09/2023","AQS","360050110","4","6.4","ug/m3 LC","27","IS 52","1","100.0000","88101","PM2.5 - Local Conditions","35620","New York-Newark-Jersey City, NY-NJ-PA","36","New York","005","Bronx","40.816","-73.902"
"04/10/2023","AQS","360050110","4","9.1","ug/m3 LC","38","IS 52","1","100.0000","88101","PM2.5 - Local Conditions","35620","New York-Newark-Jersey City, NY-NJ-PA","36","New York","005","Bronx","40.816","-73.902"
"04/11/2023","AQS","360050110","4","10.3","ug/m3 LC","43","IS 52","1","100.0000","88101","PM2.5 - Local Conditions","35620","New York-Newark-Jersey City, NY-NJ-PA","36","New York","005","Bronx","40.816","-73.902"
"04/12/2023","AQS","360050110","4","11.4","ug/m3 LC","48","IS 52","1","100.0000","88101","PM2.5 - Local Conditions","35620","New York-Newark-Jersey City, NY-NJ-PA","36","New York","005","Bronx","40.816","-73.902"
"04/13/2023","AQS","360050110","4","14.9","ug/m3 LC","57","IS 52","1","100.0000","88101","PM2.5 - Local Conditions","35620","New York-Newark-Jersey City, NY-NJ-PA","36","New York","005","Bronx","40.816","-73.902"
"04/14/2023","AQS","360050110","4","18.5","ug/m3 LC","64","IS 52","1","100.0000","88101","PM2.5 - Local Conditions","35620","New York-Newark-Jersey City, NY-NJ-PA","36","New York","005","Bronx","40.816","-73.902"
"04/15/2023","AQS","360050110","4","7.9","ug/m3 LC","33","IS 52","1","100.0000","88101","PM2.5 - Local Conditions","35620","New York-Newark-Jersey City, NY-NJ-PA","36","New York","005","Bronx","40.816","-73.902"
"04/16/2023","AQS","360050110","4","8.9","ug/m3 LC","37","IS 52","1","100.0000","88101","PM2.5 - Local Conditions","35620","New York-Newark-Jersey City, NY-NJ-PA","36","New York","005","Bronx","40.816","-73.902"
"04/17/2023","AQS","360050110","4","7.4","ug/m3 LC","31","IS 52","1","100.0000","88101","PM2.5 - Local Conditions","35620","New York-Newark-Jersey City, NY-NJ-PA","36","New York","005","Bronx","40.816","-73.902"
"04/18/2023","AQS","360050110","4","4.9","ug/m3 LC","20","IS 52","1","100.0000","88101","PM2.5 - Local Conditions","35620","New York-Newark-Jersey City, NY-NJ-PA","36","New York","005","Bronx","40.816","-73.902"
"04/19/2023","AQS","360050110","4","6.1","ug/m3 LC","25","IS 52","1","100.0000","88101","PM2.5 - Local Conditions","35620","New York-Newark-Jersey City, NY-NJ-PA","36","New York","005","Bronx","40.816","-73.902"
"04/20/2023","AQS","360050110","4","8.8","ug/m3 LC","37","IS 52","1","100.0000","88101","PM2.5 - Local Conditions","35620","New York-Newark-Jersey City, NY-NJ-PA","36","New York","005","Bronx","40.816","-73.902"
"04/21/2023","AQS","360050110","4","10.2","ug/m3 LC","43","IS 52","1","100.0000","88101","PM2.5 - Local Conditions","35620","New York-Newark-Jersey City, NY-NJ-PA","36","New York","005","Bronx","40.816","-73.902"
"04/22/2023","AQS","360050110","4","13.7","ug/m3 LC","54","IS 52","1","100.0000","88101","PM2.5 - Local Conditions","35620","New York-Newark-Jersey City, NY-NJ-PA","36","New York","005","Bronx","40.816","-73.902"
"04/23/2023","AQS","360050110","4","4.8","ug/m3 LC","20","IS 52","1","100.0000","88101","PM2.5 - Local Conditions","35620","New York-Newark-Jersey City, NY-NJ-PA","36","New York","005","Bronx","40.816","-73.902"
"04/24/2023","AQS","360050110","4","5.7","ug/m3 LC","24","IS 52","1","100.0000","88101","PM2.5 - Local Conditions","35620","New York-Newark-Jersey City, NY-NJ-PA","36","New York","005","Bronx","40.816","-73.902"
"04/25/2023","AQS","360050110","4","6.4","ug/m3 LC","27","IS 52","1","100.0000","88101","PM2.5 - Local Conditions","35620","New York-Newark-Jersey City, NY-NJ-PA","36","New York","005","Bronx","40.816","-73.902"
"04/26/2023","AQS","360050110","4","9.1","ug/m3 LC","38","IS 52","1","100.0000","88101","PM2.5 - Local Conditions","35620","New York-Newark-Jersey City, NY-NJ-PA","36","New York","005","Bronx","40.816","-73.902"
"04/27/2023","AQS","360050110","4","13.2","ug/m3 LC","53","IS 52","1","100.0000","88101","PM2.5 - Local Conditions","35620","New York-Newark-Jersey City, NY-NJ-PA","36","New York","005","Bronx","40.816","-73.902"
"04/28/2023","AQS","360050110","4","9.9","ug/m3 LC","41","IS 52","1","100.0000","88101","PM2.5 - Local Conditions","35620","New York-Newark-Jersey City, NY-NJ-PA","36","New York","005","Bronx","40.816","-73.902"
"04/29/2023","AQS","360050110","4","5.5","ug/m3 LC","23","IS 52","1","100.0000","88101","PM2.5 - Local Conditions","35620","New York-Newark-Jersey City, NY-NJ-PA","36","New York","005","Bronx","40.816","-73.902"
"04/30/2023","AQS","360050110","4","3.6","ug/m3 LC","15","IS 52","1","100.0000","88101","PM2.5 - Local Conditions","35620","New York-Newark-Jersey City, NY-NJ-PA","36","New York","005","Bronx","40.816","-73.902"
"05/02/2023","AirNow","360050110","4","3.4","ug/m3 LC","14","IS 52","1","100.0000","88101","PM2.5 - Local Conditions","35620","New York-Newark-Jersey City, NY-NJ-PA","36","New York","005","Bronx","40.816","-73.902"
"05/03/2023","AirNow","360050110","4","3.6","ug/m3 LC","15","IS 52","1","100.0000","88101","PM2.5 - Local Conditions","35620","New York-Newark-Jersey City, NY-NJ-PA","36","New York","005","Bronx","40.816","-73.902"
"05/04/2023","AirNow","360050110","4","7.1","ug/m3 LC","30","IS 52","1","100.0000","88101","PM2.5 - Local Conditions","35620","New York-Newark-Jersey City, NY-NJ-PA","36","New York","005","Bronx","40.816","-73.902"
"05/05/2023","AirNow","360050110","4","7.5","ug/m3 LC","31","IS 52","1","100.0000","88101","PM2.5 - Local Conditions","35620","New York-Newark-Jersey City, NY-NJ-PA","36","New York","005","Bronx","40.816","-73.902"
"05/06/2023","AirNow","360050110","4","5.9","ug/m3 LC","25","IS 52","1","100.0000","88101","PM2.5 - Local Conditions","35620","New York-Newark-Jersey City, NY-NJ-PA","36","New York","005","Bronx","40.816","-73.902"
"05/07/2023","AirNow","360050110","4","5.8","ug/m3 LC","24","IS 52","1","100.0000","88101","PM2.5 - Local Conditions","35620","New York-Newark-Jersey City, NY-NJ-PA","36","New York","005","Bronx","40.816","-73.902"
"05/08/2023","AirNow","360050110","4","5.1","ug/m3 LC","21","IS 52","1","100.0000","88101","PM2.5 - Local Conditions","35620","New York-Newark-Jersey City, NY-NJ-PA","36","New York","005","Bronx","40.816","-73.902"
"05/09/2023","AirNow","360050110","4","6","ug/m3 LC","25","IS 52","1","100.0000","88101","PM2.5 - Local Conditions","35620","New York-Newark-Jersey City, NY-NJ-PA","36","New York","005","Bronx","40.816","-73.902"
"05/10/2023","AirNow","360050110","4","7.7","ug/m3 LC","32","IS 52","1","100.0000","88101","PM2.5 - Local Conditions","35620","New York-Newark-Jersey City, NY-NJ-PA","36","New York","005","Bronx","40.816","-73.902"
"05/11/2023","AirNow","360050110","4","13.3","ug/m3 LC","54","IS 52","1","100.0000","88101","PM2.5 - Local Conditions","35620","New York-Newark-Jersey City, NY-NJ-PA","36","New York","005","Bronx","40.816","-73.902"
"05/12/2023","AirNow","360050110","4","15.8","ug/m3 LC","59","IS 52","1","100.0000","88101","PM2.5 - Local Conditions","35620","New York-Newark-Jersey City, NY-NJ-PA","36","New York","005","Bronx","40.816","-73.902"
"05/13/2023","AirNow","360050110","4","12.4","ug/m3 LC","52","IS 52","1","100.0000","88101","PM2.5 - Local Conditions","35620","New York-Newark-Jersey City, NY-NJ-PA","36","New York","005","Bronx","40.816","-73.902"
"05/14/2023","AirNow","360050110","4","7.6","ug/m3 LC","32","IS 52","1","100.0000","88101","PM2.5 - Local Conditions","35620","New York-Newark-Jersey City, NY-NJ-PA","36","New York","005","Bronx","40.816","-73.902"
"05/15/2023","AirNow","360050110","4","5.5","ug/m3 LC","23","IS 52","1","100.0000","88101","PM2.5 - Local Conditions","35620","New York-Newark-Jersey City, NY-NJ-PA","36","New York","005","Bronx","40.816","-73.902"
"05/16/2023","AirNow","360050110","4","8","ug/m3 LC","33","IS 52","1","100.0000","88101","PM2.5 - Local Conditions","35620","New York-Newark-Jersey City, NY-NJ-PA","36","New York","005","Bronx","40.816","-73.902"
"05/17/2023","AirNow","360050110","4","5.4","ug/m3 LC","23","IS 52","1","100.0000","88101","PM2.5 - Local Conditions","35620","New York-Newark-Jersey City, NY-NJ-PA","36","New York","005","Bronx","40.816","-73.902"
"05/18/2023","AirNow","360050110","4","4.8","ug/m3 LC","20","IS 52","1","100.0000","88101","PM2.5 - Local Conditions","35620","New York-Newark-Jersey City, NY-NJ-PA","36","New York","005","Bronx","40.816","-73.902"
"05/19/2023","AirNow","360050110","4","7.3","ug/m3 LC","30","IS 52","1","100.0000","88101","PM2.5 - Local Conditions","35620","New York-Newark-Jersey City, NY-NJ-PA","36","New York","005","Bronx","40.816","-73.902"
"05/20/2023","AirNow","360050110","4","6.6","ug/m3 LC","28","IS 52","1","100.0000","88101","PM2.5 - Local Conditions","35620","New York-Newark-Jersey City, NY-NJ-PA","36","New York","005","Bronx","40.816","-73.902"
"05/21/2023","AirNow","360050110","4","12.3","ug/m3 LC","51","IS 52","1","100.0000","88101","PM2.5 - Local Conditions","35620","New York-Newark-Jersey City, NY-NJ-PA","36","New York","005","Bronx","40.816","-73.902"
"05/22/2023","AirNow","360050110","4","16","ug/m3 LC","59","IS 52","1","100.0000","88101","PM2.5 - Local Conditions","35620","New York-Newark-Jersey City, NY-NJ-PA","36","New York","005","Bronx","40.816","-73.902"
"05/23/2023","AirNow","360050110","4","10.1","ug/m3 LC","42","IS 52","1","100.0000","88101","PM2.5 - Local Conditions","35620","New York-Newark-Jersey City, NY-NJ-PA","36","New York","005","Bronx","40.816","-73.902"
"05/24/2023","AirNow","360050110","4","9.8","ug/m3 LC","41","IS 52","1","100.0000","88101","PM2.5 - Local Conditions","35620","New York-Newark-Jersey City, NY-NJ-PA","36","New York","005","Bronx","40.816","-73.902"
"05/25/2023","AirNow","360050110","4","4","ug/m3 LC","17","IS 52","1","100.0000","88101","PM2.5 - Local Conditions","35620","New York-Newark-Jersey City, NY-NJ-PA","36","New York","005","Bronx","40.816","-73.902"
"05/26/2023","AirNow","360050110","4","5.2","ug/m3 LC","22","IS 52","1","100.0000","88101","PM2.5 - Local Conditions","35620","New York-Newark-Jersey City, NY-NJ-PA","36","New York","005","Bronx","40.816","-73.902"
"05/27/2023","AirNow","360050110","4","6.4","ug/m3 LC","27","IS 52","1","100.0000","88101","PM2.5 - Local Conditions","35620","New York-Newark-Jersey City, NY-NJ-PA","36","New York","005","Bronx","40.816","-73.902"
"05/28/2023","AirNow","360050110","4","6.7","ug/m3 LC","28","IS 52","1","100.0000","88101","PM2.5 - Local Conditions","35620","New York-Newark-Jersey City, NY-NJ-PA","36","New York","005","Bronx","40.816","-73.902"
"05/29/2023","AirNow","360050110","4","10.6","ug/m3 LC","44","IS 52","1","100.0000","88101","PM2.5 - Local Conditions","35620","New York-Newark-Jersey City, NY-NJ-PA","36","New York","005","Bronx","40.816","-73.902"
"05/30/2023","AirNow","360050110","4","13.4","ug/m3 LC","54","IS 52","1","100.0000","88101","PM2.5 - Local Conditions","35620","New York-Newark-Jersey City, NY-NJ-PA","36","New York","005","Bronx","40.816","-73.902"
"05/31/2023","AirNow","360050110","4","12.2","ug/m3 LC","51","IS 52","1","100.0000","88101","PM2.5 - Local Conditions","35620","New York-Newark-Jersey City, NY-NJ-PA","36","New York","005","Bronx","40.816","-73.902"
"06/01/2023","AirNow","360050110","4","15.2","ug/m3 LC","58","IS 52","1","100.0000","88101","PM2.5 - Local Conditions","35620","New York-Newark-Jersey City, NY-NJ-PA","36","New York","005","Bronx","40.816","-73.902"
"06/02/2023","AirNow","360050110","4","16.6","ug/m3 LC","60","IS 52","1","100.0000","88101","PM2.5 - Local Conditions","35620","New York-Newark-Jersey City, NY-NJ-PA","36","New York","005","Bronx","40.816","-73.902"
"06/03/2023","AirNow","360050110","4","12.3","ug/m3 LC","51","IS 52","1","100.0000","88101","PM2.5 - Local Conditions","35620","New York-Newark-Jersey City, NY-NJ-PA","36","New York","005","Bronx","40.816","-73.902"
"06/04/2023","AirNow","360050110","4","4.7","ug/m3 LC","20","IS 52","1","100.0000","88101","PM2.5 - Local Conditions","35620","New York-Newark-Jersey City, NY-NJ-PA","36","New York","005","Bronx","40.816","-73.902"
"06/05/2023","AirNow","360050110","4","12.5","ug/m3 LC","52","IS 52","1","100.0000","88101","PM2.5 - Local Conditions","35620","New York-Newark-Jersey City, NY-NJ-PA","36","New York","005","Bronx","40.816","-73.902"
"06/06/2023","AirNow","360050110","4","83.1","ug/m3 LC","165","IS 52","1","100.0000","88101","PM2.5 - Local Conditions","35620","New York-Newark-Jersey City, NY-NJ-PA","36","New York","005","Bronx","40.816","-73.902"
"06/07/2023","AirNow","360050110","4","182.8","ug/m3 LC","233","IS 52","1","100.0000","88101","PM2.5 - Local Conditions","35620","New York-Newark-Jersey City, NY-NJ-PA","36","New York","005","Bronx","40.816","-73.902"
"06/08/2023","AirNow","360050110","4","88.8","ug/m3 LC","168","IS 52","1","100.0000","88101","PM2.5 - Local Conditions","35620","New York-Newark-Jersey City, NY-NJ-PA","36","New York","005","Bronx","40.816","-73.902"
"06/09/2023","AirNow","360050110","4","10.8","ug/m3 LC","45","IS 52","1","100.0000","88101","PM2.5 - Local Conditions","35620","New York-Newark-Jersey City, NY-NJ-PA","36","New York","005","Bronx","40.816","-73.902"
"06/10/2023","AirNow","360050110","4","14.1","ug/m3 LC","55","IS 52","1","100.0000","88101","PM2.5 - Local Conditions","35620","New York-Newark-Jersey City, NY-NJ-PA","36","New York","005","Bronx","40.816","-73.902"
"06/11/2023","AirNow","360050110","4","31.1","ug/m3 LC","91","IS 52","1","100.0000","88101","PM2.5 - Local Conditions","35620","New York-Newark-Jersey City, NY-NJ-PA","36","New York","005","Bronx","40.816","-73.902"
"06/12/2023","AirNow","360050110","4","23.9","ug/m3 LC","76","IS 52","1","100.0000","88101","PM2.5 - Local Conditions","35620","New York-Newark-Jersey City, NY-NJ-PA","36","New York","005","Bronx","40.816","-73.902"
"06/13/2023","AirNow","360050110","4","7.9","ug/m3 LC","33","IS 52","1","100.0000","88101","PM2.5 - Local Conditions","35620","New York-Newark-Jersey City, NY-NJ-PA","36","New York","005","Bronx","40.816","-73.902"
"06/14/2023","AirNow","360050110","4","9.7","ug/m3 LC","40","IS 52","1","100.0000","88101","PM2.5 - Local Conditions","35620","New York-Newark-Jersey City, NY-NJ-PA","36","New York","005","Bronx","40.816","-73.902"
"06/15/2023","AirNow","360050110","4","8.3","ug/m3 LC","35","IS 52","1","100.0000","88101","PM2.5 - Local Conditions","35620","New York-Newark-Jersey City, NY-NJ-PA","36","New York","005","Bronx","40.816","-73.902"
"06/16/2023","AirNow","360050110","4","12.1","ug/m3 LC","51","IS 52","1","100.0000","88101","PM2.5 - Local Conditions","35620","New York-Newark-Jersey City, NY-NJ-PA","36","New York","005","Bronx","40.816","-73.902"
"06/17/2023","AirNow","360050110","4","27.9","ug/m3 LC","84","IS 52","1","100.0000","88101","PM2.5 - Local Conditions","35620","New York-Newark-Jersey City, NY-NJ-PA","36","New York","005","Bronx","40.816","-73.902"
"06/18/2023","AirNow","360050110","4","15.5","ug/m3 LC","58","IS 52","1","100.0000","88101","PM2.5 - Local Conditions","35620","New York-Newark-Jersey City, NY-NJ-PA","36","New York","005","Bronx","40.816","-73.902"
"06/19/2023","AirNow","360050110","4","7.7","ug/m3 LC","32","IS 52","1","100.0000","88101","PM2.5 - Local Conditions","35620","New York-Newark-Jersey City, NY-NJ-PA","36","New York","005","Bronx","40.816","-73.902"
"06/20/2023","AirNow","360050110","4","7","ug/m3 LC","29","IS 52","1","100.0000","88101","PM2.5 - Local Conditions","35620","New York-Newark-Jersey City, NY-NJ-PA","36","New York","005","Bronx","40.816","-73.902"
"06/21/2023","AirNow","360050110","4","4.5","ug/m3 LC","19","IS 52","1","100.0000","88101","PM2.5 - Local Conditions","35620","New York-Newark-Jersey City, NY-NJ-PA","36","New York","005","Bronx","40.816","-73.902"
"06/22/2023","AirNow","360050110","4","4.9","ug/m3 LC","20","IS 52","1","100.0000","88101","PM2.5 - Local Conditions","35620","New York-Newark-Jersey City, NY-NJ-PA","36","New York","005","Bronx","40.816","-73.902"
"06/23/2023","AirNow","360050110","4","7.7","ug/m3 LC","32","IS 52","1","100.0000","88101","PM2.5 - Local Conditions","35620","New York-Newark-Jersey City, NY-NJ-PA","36","New York","005","Bronx","40.816","-73.902"
"06/24/2023","AirNow","360050110","4","9.6","ug/m3 LC","40","IS 52","1","100.0000","88101","PM2.5 - Local Conditions","35620","New York-Newark-Jersey City, NY-NJ-PA","36","New York","005","Bronx","40.816","-73.902"
"06/25/2023","AirNow","360050110","4","11.6","ug/m3 LC","48","IS 52","1","100.0000","88101","PM2.5 - Local Conditions","35620","New York-Newark-Jersey City, NY-NJ-PA","36","New York","005","Bronx","40.816","-73.902"
"06/26/2023","AirNow","360050110","4","11","ug/m3 LC","46","IS 52","1","100.0000","88101","PM2.5 - Local Conditions","35620","New York-Newark-Jersey City, NY-NJ-PA","36","New York","005","Bronx","40.816","-73.902"
"06/27/2023","AirNow","360050110","4","10.4","ug/m3 LC","43","IS 52","1","100.0000","88101","PM2.5 - Local Conditions","35620","New York-Newark-Jersey City, NY-NJ-PA","36","New York","005","Bronx","40.816","-73.902"
"06/28/2023","AirNow","360050110","4","14.1","ug/m3 LC","55","IS 52","1","100.0000","88101","PM2.5 - Local Conditions","35620","New York-Newark-Jersey City, NY-NJ-PA","36","New York","005","Bronx","40.816","-73.902"
"06/29/2023","AirNow","360050110","4","36.2","ug/m3 LC","103","IS 52","1","100.0000","88101","PM2.5 - Local Conditions","35620","New York-Newark-Jersey City, NY-NJ-PA","36","New York","005","Bronx","40.816","-73.902"
"06/30/2023","AirNow","360050110","4","57.4","ug/m3 LC","152","IS 52","1","100.0000","88101","PM2.5 - Local Conditions","35620","New York-Newark-Jersey City, NY-NJ-PA","36","New York","005","Bronx","40.816","-73.902"
"07/01/2023","AirNow","360050110","4","34.4","ug/m3 LC","98","IS 52","1","100.0000","88101","PM2.5 - Local Conditions","35620","New York-Newark-Jersey City, NY-NJ-PA","36","New York","005","Bronx","40.816","-73.902"
"07/02/2023","AirNow","360050110","4","21.4","ug/m3 LC","71","IS 52","1","100.0000","88101","PM2.5 - Local Conditions","35620","New York-Newark-Jersey City, NY-NJ-PA","36","New York","005","Bronx","40.816","-73.902"
"07/03/2023","AirNow","360050110","4","7.9","ug/m3 LC","33","IS 52","1","100.0000","88101","PM2.5 - Local Conditions","35620","New York-Newark-Jersey City, NY-NJ-PA","36","New York","005","Bronx","40.816","-73.902"
"07/04/2023","AirNow","360050110","4","24.2","ug/m3 LC","76","IS 52","1","100.0000","88101","PM2.5 - Local Conditions","35620","New York-Newark-Jersey City, NY-NJ-PA","36","New York","005","Bronx","40.816","-73.902"
"07/05/2023","AirNow","360050110","4","21","ug/m3 LC","70","IS 52","1","100.0000","88101","PM2.5 - Local Conditions","35620","New York-Newark-Jersey City, NY-NJ-PA","36","New York","005","Bronx","40.816","-73.902"
"07/06/2023","AirNow","360050110","4","10.9","ug/m3 LC","45","IS 52","1","100.0000","88101","PM2.5 - Local Conditions","35620","New York-Newark-Jersey City, NY-NJ-PA","36","New York","005","Bronx","40.816","-73.902"
"07/07/2023","AirNow","360050110","4","9.7","ug/m3 LC","40","IS 52","1","100.0000","88101","PM2.5 - Local Conditions","35620","New York-Newark-Jersey City, NY-NJ-PA","36","New York","005","Bronx","40.816","-73.902"
"07/08/2023","AirNow","360050110","4","10.2","ug/m3 LC","43","IS 52","1","100.0000","88101","PM2.5 - Local Conditions","35620","New York-Newark-Jersey City, NY-NJ-PA","36","New York","005","Bronx","40.816","-73.902"
"07/09/2023","AirNow","360050110","4","7","ug/m3 LC","29","IS 52","1","100.0000","88101","PM2.5 - Local Conditions","35620","New York-Newark-Jersey City, NY-NJ-PA","36","New York","005","Bronx","40.816","-73.902"
"07/10/2023","AirNow","360050110","4","4.6","ug/m3 LC","19","IS 52","1","100.0000","88101","PM2.5 - Local Conditions","35620","New York-Newark-Jersey City, NY-NJ-PA","36","New York","005","Bronx","40.816","-73.902"
"07/11/2023","AirNow","360050110","4","11.6","ug/m3 LC","48","IS 52","1","100.0000","88101","PM2.5 - Local Conditions","35620","New York-Newark-Jersey City, NY-NJ-PA","36","New York","005","Bronx","40.816","-73.902"
"07/12/2023","AirNow","360050110","4","14.2","ug/m3 LC","55","IS 52","1","100.0000","88101","PM2.5 - Local Conditions","35620","New York-Newark-Jersey City, NY-NJ-PA","36","New York","005","Bronx","40.816","-73.902"
"07/13/2023","AirNow","360050110","4","14.8","ug/m3 LC","57","IS 52","1","100.0000","88101","PM2.5 - Local Conditions","35620","New York-Newark-Jersey City, NY-NJ-PA","36","New York","005","Bronx","40.816","-73.902"
"07/14/2023","AirNow","360050110","4","8.3","ug/m3 LC","35","IS 52","1","100.0000","88101","PM2.5 - Local Conditions","35620","New York-Newark-Jersey City, NY-NJ-PA","36","New York","005","Bronx","40.816","-73.902"
"07/15/2023","AirNow","360050110","4","9.6","ug/m3 LC","40","IS 52","1","100.0000","88101","PM2.5 - Local Conditions","35620","New York-Newark-Jersey City, NY-NJ-PA","36","New York","005","Bronx","40.816","-73.902"
"07/16/2023","AirNow","360050110","4","6","ug/m3 LC","25","IS 52","1","100.0000","88101","PM2.5 - Local Conditions","35620","New York-Newark-Jersey City, NY-NJ-PA","36","New York","005","Bronx","40.816","-73.902"
"01/03/2023","AQS","360050133","1","19.2","ug/m3 LC","66","PFIZER LAB SITE","1","100.0000","88101","PM2.5 - Local Conditions","35620","New York-Newark-Jersey City, NY-NJ-PA","36","New York","005","Bronx","40.8679","-73.87809"
"01/06/2023","AQS","360050133","1","6.3","ug/m3 LC","26","PFIZER LAB SITE","1","100.0000","88101","PM2.5 - Local Conditions","35620","New York-Newark-Jersey City, NY-NJ-PA","36","New York","005","Bronx","40.8679","-73.87809"
"01/09/2023","AQS","360050133","1","9.1","ug/m3 LC","38","PFIZER LAB SITE","1","100.0000","88101","PM2.5 - Local Conditions","35620","New York-Newark-Jersey City, NY-NJ-PA","36","New York","005","Bronx","40.8679","-73.87809"
"01/12/2023","AQS","360050133","1","6.1","ug/m3 LC","25","PFIZER LAB SITE","1","100.0000","88101","PM2.5 - Local Conditions","35620","New York-Newark-Jersey City, NY-NJ-PA","36","New York","005","Bronx","40.8679","-73.87809"
"01/15/2023","AQS","360050133","1","3.5","ug/m3 LC","15","PFIZER LAB SITE","1","100.0000","88101","PM2.5 - Local Conditions","35620","New York-Newark-Jersey City, NY-NJ-PA","36","New York","005","Bronx","40.8679","-73.87809"
"01/18/2023","AQS","360050133","1","6.3","ug/m3 LC","26","PFIZER LAB SITE","1","100.0000","88101","PM2.5 - Local Conditions","35620","New York-Newark-Jersey City, NY-NJ-PA","36","New York","005","Bronx","40.8679","-73.87809"
"01/21/2023","AQS","360050133","1","2","ug/m3 LC","8","PFIZER LAB SITE","1","100.0000","88101","PM2.5 - Local Conditions","35620","New York-Newark-Jersey City, NY-NJ-PA","36","New York","005","Bronx","40.8679","-73.87809"
"01/24/2023","AQS","360050133","1","4.4","ug/m3 LC","18","PFIZER LAB SITE","1","100.0000","88101","PM2.5 - Local Conditions","35620","New York-Newark-Jersey City, NY-NJ-PA","36","New York","005","Bronx","40.8679","-73.87809"
"01/27/2023","AQS","360050133","1","6.6","ug/m3 LC","28","PFIZER LAB SITE","1","100.0000","88101","PM2.5 - Local Conditions","35620","New York-Newark-Jersey City, NY-NJ-PA","36","New York","005","Bronx","40.8679","-73.87809"
"01/30/2023","AQS","360050133","1","12.1","ug/m3 LC","51","PFIZER LAB SITE","1","100.0000","88101","PM2.5 - Local Conditions","35620","New York-Newark-Jersey City, NY-NJ-PA","36","New York","005","Bronx","40.8679","-73.87809"
"02/02/2023","AQS","360050133","1","10.7","ug/m3 LC","45","PFIZER LAB SITE","1","100.0000","88101","PM2.5 - Local Conditions","35620","New York-Newark-Jersey City, NY-NJ-PA","36","New York","005","Bronx","40.8679","-73.87809"
"02/05/2023","AQS","360050133","1","9.9","ug/m3 LC","41","PFIZER LAB SITE","1","100.0000","88101","PM2.5 - Local Conditions","35620","New York-Newark-Jersey City, NY-NJ-PA","36","New York","005","Bronx","40.8679","-73.87809"
"02/08/2023","AQS","360050133","1","11.7","ug/m3 LC","49","PFIZER LAB SITE","1","100.0000","88101","PM2.5 - Local Conditions","35620","New York-Newark-Jersey City, NY-NJ-PA","36","New York","005","Bronx","40.8679","-73.87809"
"02/11/2023","AQS","360050133","1","3.2","ug/m3 LC","13","PFIZER LAB SITE","1","100.0000","88101","PM2.5 - Local Conditions","35620","New York-Newark-Jersey City, NY-NJ-PA","36","New York","005","Bronx","40.8679","-73.87809"
"02/14/2023","AQS","360050133","1","5","ug/m3 LC","21","PFIZER LAB SITE","1","100.0000","88101","PM2.5 - Local Conditions","35620","New York-Newark-Jersey City, NY-NJ-PA","36","New York","005","Bronx","40.8679","-73.87809"
"02/17/2023","AQS","360050133","1","9.2","ug/m3 LC","38","PFIZER LAB SITE","1","100.0000","88101","PM2.5 - Local Conditions","35620","New York-Newark-Jersey City, NY-NJ-PA","36","New York","005","Bronx","40.8679","-73.87809"
"02/20/2023","AQS","360050133","1","8.6","ug/m3 LC","36","PFIZER LAB SITE","1","100.0000","88101","PM2.5 - Local Conditions","35620","New York-Newark-Jersey City, NY-NJ-PA","36","New York","005","Bronx","40.8679","-73.87809"
"02/23/2023","AQS","360050133","1","4.3","ug/m3 LC","18","PFIZER LAB SITE","1","100.0000","88101","PM2.5 - Local Conditions","35620","New York-Newark-Jersey City, NY-NJ-PA","36","New York","005","Bronx","40.8679","-73.87809"
"02/26/2023","AQS","360050133","1","18","ug/m3 LC","63","PFIZER LAB SITE","1","100.0000","88101","PM2.5 - Local Conditions","35620","New York-Newark-Jersey City, NY-NJ-PA","36","New York","005","Bronx","40.8679","-73.87809"
"03/01/2023","AQS","360050133","1","6.9","ug/m3 LC","29","PFIZER LAB SITE","1","100.0000","88101","PM2.5 - Local Conditions","35620","New York-Newark-Jersey City, NY-NJ-PA","36","New York","005","Bronx","40.8679","-73.87809"
"03/04/2023","AQS","360050133","1","3.2","ug/m3 LC","13","PFIZER LAB SITE","1","100.0000","88101","PM2.5 - Local Conditions","35620","New York-Newark-Jersey City, NY-NJ-PA","36","New York","005","Bronx","40.8679","-73.87809"
"03/07/2023","AQS","360050133","1","2.6","ug/m3 LC","11","PFIZER LAB SITE","1","100.0000","88101","PM2.5 - Local Conditions","35620","New York-Newark-Jersey City, NY-NJ-PA","36","New York","005","Bronx","40.8679","-73.87809"
"03/10/2023","AQS","360050133","1","5.5","ug/m3 LC","23","PFIZER LAB SITE","1","100.0000","88101","PM2.5 - Local Conditions","35620","New York-Newark-Jersey City, NY-NJ-PA","36","New York","005","Bronx","40.8679","-73.87809"
"03/13/2023","AQS","360050133","1","5.5","ug/m3 LC","23","PFIZER LAB SITE","1","100.0000","88101","PM2.5 - Local Conditions","35620","New York-Newark-Jersey City, NY-NJ-PA","36","New York","005","Bronx","40.8679","-73.87809"
"03/16/2023","AQS","360050133","1","5.7","ug/m3 LC","24","PFIZER LAB SITE","1","100.0000","88101","PM2.5 - Local Conditions","35620","New York-Newark-Jersey City, NY-NJ-PA","36","New York","005","Bronx","40.8679","-73.87809"
"03/19/2023","AQS","360050133","1","3","ug/m3 LC","13","PFIZER LAB SITE","1","100.0000","88101","PM2.5 - Local Conditions","35620","New York-Newark-Jersey City, NY-NJ-PA","36","New York","005","Bronx","40.8679","-73.87809"
"03/22/2023","AQS","360050133","1","7.1","ug/m3 LC","30","PFIZER LAB SITE","1","100.0000","88101","PM2.5 - Local Conditions","35620","New York-Newark-Jersey City, NY-NJ-PA","36","New York","005","Bronx","40.8679","-73.87809"
"03/25/2023","AQS","360050133","1","3.9","ug/m3 LC","16","PFIZER LAB SITE","1","100.0000","88101","PM2.5 - Local Conditions","35620","New York-Newark-Jersey City, NY-NJ-PA","36","New York","005","Bronx","40.8679","-73.87809"
"03/28/2023","AQS","360050133","1","4","ug/m3 LC","17","PFIZER LAB SITE","1","100.0000","88101","PM2.5 - Local Conditions","35620","New York-Newark-Jersey City, NY-NJ-PA","36","New York","005","Bronx","40.8679","-73.87809"
"03/31/2023","AQS","360050133","1","8.2","ug/m3 LC","34","PFIZER LAB SITE","1","100.0000","88101","PM2.5 - Local Conditions","35620","New York-Newark-Jersey City, NY-NJ-PA","36","New York","005","Bronx","40.8679","-73.87809"
