"Date","Source","Site ID","POC","Daily Mean PM2.5 Concentration","UNITS","DAILY_AQI_VALUE","Site Name","DAILY_OBS_COUNT","PERCENT_COMPLETE","AQS_PARAMETER_CODE","AQS_PARAMETER_DESC","CBSA_CODE","CBSA_NAME","STATE_CODE","STATE","COUNTY_CODE","COUNTY","SITE_LATITUDE","SITE_LONGITUDE"
"01/03/2023","AQS","360610079","1","19.8","ug/m3 LC","67","IS 45","1","100.0000","88101","PM2.5 - Local Conditions","35620","New York-Newark-Jersey City, NY-NJ-PA","36","New York","061","New York","40.7997","-73.93432"
"01/06/2023","AQS","360610079","1","6.3","ug/m3 LC","26","IS 45","1","100.0000","88101","PM2.5 - Local Conditions","35620","New York-Newark-Jersey City, NY-NJ-PA","36","New York","061","New York","40.7997","-73.93432"
"01/09/2023","AQS","360610079","1","8.6","ug/m3 LC","36","IS 45","1","100.0000","88101","PM2.5 - Local Conditions","35620","New York-Newark-Jersey City, NY-NJ-PA","36","New York","061","New York","40.7997","-73.93432"
"01/12/2023","AQS","360610079","1","6.9","ug/m3 LC","29","IS 45","1","100.0000","88101","PM2.5 - Local Conditions","35620","New York-Newark-Jersey City, NY-NJ-PA","36","New York","061","New York","40.7997","-73.93432"
"01/15/2023","AQS","360610079","1","3.1","ug/m3 LC","13","IS 45","1","100.0000","88101","PM2.5 - Local Conditions","35620","New York-Newark-Jersey City, NY-NJ-PA","36","New York","061","New York","40.7997","-73.93432"
"01/18/2023","AQS","360610079","1","6.3","ug/m3 LC","26","IS 45","1","100.0000","88101","PM2.5 - Local Conditions","35620","New York-Newark-Jersey City, NY-NJ-PA","36","New York","061","New York","40.7997","-73.93432"
"01/21/2023","AQS","360610079","1","2.1","ug/m3 LC","9","IS 45","1","100.0000","88101","PM2.5 - Local Conditions","35620","New York-Newark-Jersey City, NY-NJ-PA","36","New York","061","New York","40.7997","-73.93432"
"01/24/2023","AQS","360610079","1","5.5","ug/m3 LC","23","IS 45","1","100.0000","88101","PM2.5 - Local Conditions","35620","New York-Newark-Jersey City, NY-NJ-PA","36","New York","061","New York","40.7997","-73.93432"
"01/27/2023","AQS","360610079","1","6.3","ug/m3 LC","26","IS 45","1","100.0000","88101","PM2.5 - Local Conditions","35620","New York-Newark-Jersey City, NY-NJ-PA","36","New York","061","New York","40.7997","-73.93432"
"01/30/2023","AQS","360610079","1","12","ug/m3 LC","50","IS 45","1","100.0000","88101","PM2.5 - Local Conditions","35620","New York-Newark-Jersey City, NY-NJ-PA","36","New York","061","New York","40.7997","-73.93432"
"02/02/2023","AQS","360610079","1","11.1","ug/m3 LC","46","IS 45","1","100.0000","88101","PM2.5 - Local Conditions","35620","New York-Newark-Jersey City, NY-NJ-PA","36","New York","061","New York","40.7997","-73.93432"
"02/05/2023","AQS","360610079","1","9.3","ug/m3 LC","39","IS 45","1","100.0000","88101","PM2.5 - Local Conditions","35620","New York-Newark-Jersey City, NY-NJ-PA","36","New York","061","New York","40.7997","-73.93432"
"02/08/2023","AQS","360610079","1","12.2","ug/m3 LC","51","IS 45","1","100.0000","88101","PM2.5 - Local Conditions","35620","New York-Newark-Jersey City, NY-NJ-PA","36","New York","061","New York","40.7997","-73.93432"
"02/11/2023","AQS","360610079","1","3","ug/m3 LC","13","IS 45","1","100.0000","88101","PM2.5 - Local Conditions","35620","New York-Newark-Jersey City, NY-NJ-PA","36","New York","061","New York","40.7997","-73.93432"
"02/14/2023","AQS","360610079","1","5.1","ug/m3 LC","21","IS 45","1","100.0000","88101","PM2.5 - Local Conditions","35620","New York-Newark-Jersey City, NY-NJ-PA","36","New York","061","New York","40.7997","-73.93432"
"02/17/2023","AQS","360610079","1","7.5","ug/m3 LC","31","IS 45","1","100.0000","88101","PM2.5 - Local Conditions","35620","New York-Newark-Jersey City, NY-NJ-PA","36","New York","061","New York","40.7997","-73.93432"
"02/20/2023","AQS","360610079","1","7.3","ug/m3 LC","30","IS 45","1","100.0000","88101","PM2.5 - Local Conditions","35620","New York-Newark-Jersey City, NY-NJ-PA","36","New York","061","New York","40.7997","-73.93432"
"02/23/2023","AQS","360610079","1","5.6","ug/m3 LC","23","IS 45","1","100.0000","88101","PM2.5 - Local Conditions","35620","New York-Newark-Jersey City, NY-NJ-PA","36","New York","061","New York","40.7997","-73.93432"
"02/26/2023","AQS","360610079","1","15.8","ug/m3 LC","59","IS 45","1","100.0000","88101","PM2.5 - Local Conditions","35620","New York-Newark-Jersey City, NY-NJ-PA","36","New York","061","New York","40.7997","-73.93432"
"03/01/2023","AQS","360610079","1","6.9","ug/m3 LC","29","IS 45","1","100.0000","88101","PM2.5 - Local Conditions","35620","New York-Newark-Jersey City, NY-NJ-PA","36","New York","061","New York","40.7997","-73.93432"
"03/04/2023","AQS","360610079","1","3","ug/m3 LC","13","IS 45","1","100.0000","88101","PM2.5 - Local Conditions","35620","New York-Newark-Jersey City, NY-NJ-PA","36","New York","061","New York","40.7997","-73.93432"
"03/07/2023","AQS","360610079","1","2.3","ug/m3 LC","10","IS 45","1","100.0000","88101","PM2.5 - Local Conditions","35620","New York-Newark-Jersey City, NY-NJ-PA","36","New York","061","New York","40.7997","-73.93432"
"03/10/2023","AQS","360610079","1","6","ug/m3 LC","25","IS 45","1","100.0000","88101","PM2.5 - Local Conditions","35620","New York-Newark-Jersey City, NY-NJ-PA","36","New York","061","New York","40.7997","-73.93432"
"03/13/2023","AQS","360610079","1","5.2","ug/m3 LC","22","IS 45","1","100.0000","88101","PM2.5 - Local Conditions","35620","New York-Newark-Jersey City, NY-NJ-PA","36","New York","061","New York","40.7997","-73.93432"
"03/16/2023","AQS","360610079","1","5","ug/m3 LC","21","IS 45","1","100.0000","88101","PM2.5 - Local Conditions","35620","New York-Newark-Jersey City, NY-NJ-PA","36","New York","061","New York","40.7997","-73.93432"
"03/19/2023","AQS","360610079","1","2.7","ug/m3 LC","11","IS 45","1","100.0000","88101","PM2.5 - Local Conditions","35620","New York-Newark-Jersey City, NY-NJ-PA","36","New York","061","New York","40.7997","-73.93432"
"03/22/2023","AQS","360610079","1","6.7","ug/m3 LC","28","IS 45","1","100.0000","88101","PM2.5 - Local Conditions","35620","New York-Newark-Jersey City, NY-NJ-PA","36","New York","061","New York","40.7997","-73.93432"
"03/25/2023","AQS","360610079","1","1.4","ug/m3 LC","6","IS 45","1","100.0000","88101","PM2.5 - Local Conditions","35620","New York-Newark-Jersey City, NY-NJ-PA","36","New York","061","New York","40.7997","-73.93432"
"03/28/2023","AQS","360610079","1","4.2","ug/m3 LC","18","IS 45","1","100.0000","88101","PM2.5 - Local Conditions","35620","New York-Newark-Jersey City, NY-NJ-PA","36","New York","061","New York","40.7997","-73.93432"
"01/06/2023","AQS","360610079","2","6.5","ug/m3 LC","27","IS 45","1","100.0000","88101","PM2.5 - Local Conditions","35620","New York-Newark-Jersey City, NY-NJ-PA","36","New York","061","New York","40.7997","-73.93432"
"01/12/2023","AQS","360610079","2","7.8","ug/m3 LC","33","IS 45","1","100.0000","88101","PM2.5 - Local Conditions","35620","New York-Newark-Jersey City, NY-NJ-PA","36","New York","061","New York","40.7997","-73.93432"
"01/18/2023","AQS","360610079","2","7.1","ug/m3 LC","30","IS 45","1","100.0000","88101","PM2.5 - Local Conditions","35620","New York-Newark-Jersey City, NY-NJ-PA","36","New York","061","New York","40.7997","-73.93432"
"01/24/2023","AQS","360610079","2","5.3","ug/m3 LC","22","IS 45","1","100.0000","88101","PM2.5 - Local Conditions","35620","New York-Newark-Jersey City, NY-NJ-PA","36","New York","061","New York","40.7997","-73.93432"
"01/30/2023","AQS","360610079","2","13.6","ug/m3 LC","54","IS 45","1","100.0000","88101","PM2.5 - Local Conditions","35620","New York-Newark-Jersey City, NY-NJ-PA","36","New York","061","New York","40.7997","-73.93432"
"02/05/2023","AQS","360610079","2","9.8","ug/m3 LC","41","IS 45","1","100.0000","88101","PM2.5 - Local Conditions","35620","New York-Newark-Jersey City, NY-NJ-PA","36","New York","061","New York","40.7997","-73.93432"
"03/01/2023","AQS","360610079","2","7.2","ug/m3 LC","30","IS 45","1","100.0000","88101","PM2.5 - Local Conditions","35620","New York-Newark-Jersey City, NY-NJ-PA","36","New York","061","New York","40.7997","-73.93432"
"03/07/2023","AQS","360610079","2","2.7","ug/m3 LC","11","IS 45","1","100.0000","88101","PM2.5 - Local Conditions","35620","New York-Newark-Jersey City, NY-NJ-PA","36","New York","061","New York","40.7997","-73.93432"
"03/13/2023","AQS","360610079","2","5.5","ug/m3 LC","23","IS 45","1","100.0000","88101","PM2.5 - Local Conditions","35620","New York-Newark-Jersey City, NY-NJ-PA","36","New York","061","New York","40.7997","-73.93432"
"03/19/2023","AQS","360610079","2","3.2","ug/m3 LC","13","IS 45","1","100.0000","88101","PM2.5 - Local Conditions","35620","New York-Newark-Jersey City, NY-NJ-PA","36","New York","061","New York","40.7997","-73.93432"
"03/25/2023","AQS","360610079","2","4.3","ug/m3 LC","18","IS 45","1","100.0000","88101","PM2.5 - Local Conditions","35620","New York-Newark-Jersey City, NY-NJ-PA","36","New York","061","New York","40.7997","-73.93432"
"03/31/2023","AQS","360610079","2","7.9","ug/m3 LC","33","IS 45","1","100.0000","88101","PM2.5 - Local Conditions","35620","New York-Newark-Jersey City, NY-NJ-PA","36","New York","061","New York","40.7997","-73.93432"
"02/01/2023","AQS","360610115","3","10.3","ug/m3 LC","43","Intermediate School 143","1","100.0000","88502","Acceptable PM2.5 AQI & Speciation Mass","35620","New York-Newark-Jersey City, NY-NJ-PA","36","New York","061","New York","40.8495500009336","-73.935649"
"02/02/2023","AQS","360610115","3","7.8","ug/m3 LC","33","Intermediate School 143","1","100.0000","88502","Acceptable PM2.5 AQI & Speciation Mass","35620","New York-Newark-Jersey City, NY-NJ-PA","36","New York","061","New York","40.8495500009336","-73.935649"
"02/03/2023","AQS","360610115","3","15.3","ug/m3 LC","58","Intermediate School 143","1","100.0000","88502","Acceptable PM2.5 AQI & Speciation Mass","35620","New York-Newark-Jersey City, NY-NJ-PA","36","New York","061","New York","40.8495500009336","-73.935649"
"02/04/2023","AQS","360610115","3","10.3","ug/m3 LC","43","Intermediate School 143","1","100.0000","88502","Acceptable PM2.5 AQI & Speciation Mass","35620","New York-Newark-Jersey City, NY-NJ-PA","36","New York","061","New York","40.8495500009336","-73.935649"
"02/05/2023","AQS","360610115","3","10.7","ug/m3 LC","45","Intermediate School 143","1","100.0000","88502","Acceptable PM2.5 AQI & Speciation Mass","35620","New York-Newark-Jersey City, NY-NJ-PA","36","New York","061","New York","40.8495500009336","-73.935649"
"02/06/2023","AQS","360610115","3","14.3","ug/m3 LC","56","Intermediate School 143","1","100.0000","88502","Acceptable PM2.5 AQI & Speciation Mass","35620","New York-Newark-Jersey City, NY-NJ-PA","36","New York","061","New York","40.8495500009336","-73.935649"
"02/07/2023","AQS","360610115","3","11.5","ug/m3 LC","48","Intermediate School 143","1","100.0000","88502","Acceptable PM2.5 AQI & Speciation Mass","35620","New York-Newark-Jersey City, NY-NJ-PA","36","New York","061","New York","40.8495500009336","-73.935649"
"02/08/2023","AQS","360610115","3","14.4","ug/m3 LC","56","Intermediate School 143","1","100.0000","88502","Acceptable PM2.5 AQI & Speciation Mass","35620","New York-Newark-Jersey City, NY-NJ-PA","36","New York","061","New York","40.8495500009336","-73.935649"
"02/09/2023","AQS","360610115","3","16.4","ug/m3 LC","60","Intermediate School 143","1","100.0000","88502","Acceptable PM2.5 AQI & Speciation Mass","35620","New York-Newark-Jersey City, NY-NJ-PA","36","New York","061","New York","40.8495500009336","-73.935649"
"02/10/2023","AQS","360610115","3","8.7","ug/m3 LC","36","Intermediate School 143","1","100.0000","88502","Acceptable PM2.5 AQI & Speciation Mass","35620","New York-Newark-Jersey City, NY-NJ-PA","36","New York","061","New York","40.8495500009336","-73.935649"
"02/11/2023","AQS","360610115","3","7.7","ug/m3 LC","32","Intermediate School 143","1","100.0000","88502","Acceptable PM2.5 AQI & Speciation Mass","35620","New York-Newark-Jersey City, NY-NJ-PA","36","New York","061","New York","40.8495500009336","-73.935649"
"02/12/2023","AQS","360610115","3","11.4","ug/m3 LC","48","Intermediate School 143","1","100.0000","88502","Acceptable PM2.5 AQI & Speciation Mass","35620","New York-Newark-Jersey City, NY-NJ-PA","36","New York","061","New York","40.8495500009336","-73.935649"
"02/13/2023","AQS","360610115","3","8.3","ug/m3 LC","35","Intermediate School 143","1","100.0000","88502","Acceptable PM2.5 AQI & Speciation Mass","35620","New York-Newark-Jersey City, NY-NJ-PA","36","New York","061","New York","40.8495500009336","-73.935649"
"02/14/2023","AQS","360610115","3","17.5","ug/m3 LC","62","Intermediate School 143","1","100.0000","88502","Acceptable PM2.5 AQI & Speciation Mass","35620","New York-Newark-Jersey City, NY-NJ-PA","36","New York","061","New York","40.8495500009336","-73.935649"
"02/15/2023","AQS","360610115","3","10.3","ug/m3 LC","43","Intermediate School 143","1","100.0000","88502","Acceptable PM2.5 AQI & Speciation Mass","35620","New York-Newark-Jersey City, NY-NJ-PA","36","New York","061","New York","40.8495500009336","-73.935649"
"02/16/2023","AQS","360610115","3","15.4","ug/m3 LC","58","Intermediate School 143","1","100.0000","88502","Acceptable PM2.5 AQI & Speciation Mass","35620","New York-Newark-Jersey City, NY-NJ-PA","36","New York","061","New York","40.8495500009336","-73.935649"
"02/17/2023","AQS","360610115","3","9.3","ug/m3 LC","39","Intermediate School 143","1","100.0000","88502","Acceptable PM2.5 AQI & Speciation Mass","35620","New York-Newark-Jersey City, NY-NJ-PA","36","New York","061","New York","40.8495500009336","-73.935649"
"02/18/2023","AQS","360610115","3","8","ug/m3 LC","33","Intermediate School 143","1","100.0000","88502","Acceptable PM2.5 AQI & Speciation Mass","35620","New York-Newark-Jersey City, NY-NJ-PA","36","New York","061","New York","40.8495500009336","-73.935649"
"02/19/2023","AQS","360610115","3","8.7","ug/m3 LC","36","Intermediate School 143","1","100.0000","88502","Acceptable PM2.5 AQI & Speciation Mass","35620","New York-Newark-Jersey City, NY-NJ-PA","36","New York","061","New York","40.8495500009336","-73.935649"
"02/20/2023","AQS","360610115","3","12","ug/m3 LC","50","Intermediate School 143","1","100.0000","88502","Acceptable PM2.5 AQI & Speciation Mass","35620","New York-Newark-Jersey City, NY-NJ-PA","36","New York","061","New York","40.8495500009336","-73.935649"
"02/21/2023","AQS","360610115","3","11","ug/m3 LC","46","Intermediate School 143","1","100.0000","88502","Acceptable PM2.5 AQI & Speciation Mass","35620","New York-Newark-Jersey City, NY-NJ-PA","36","New York","061","New York","40.8495500009336","-73.935649"
"02/22/2023","AQS","360610115","3","4.4","ug/m3 LC","18","Intermediate School 143","1","100.0000","88502","Acceptable PM2.5 AQI & Speciation Mass","35620","New York-Newark-Jersey City, NY-NJ-PA","36","New York","061","New York","40.8495500009336","-73.935649"
"02/23/2023","AQS","360610115","3","3.9","ug/m3 LC","16","Intermediate School 143","1","100.0000","88502","Acceptable PM2.5 AQI & Speciation Mass","35620","New York-Newark-Jersey City, NY-NJ-PA","36","New York","061","New York","40.8495500009336","-73.935649"
"02/24/2023","AQS","360610115","3","9.3","ug/m3 LC","39","Intermediate School 143","1","100.0000","88502","Acceptable PM2.5 AQI & Speciation Mass","35620","New York-Newark-Jersey City, NY-NJ-PA","36","New York","061","New York","40.8495500009336","-73.935649"
"02/25/2023","AQS","360610115","3","4.6","ug/m3 LC","19","Intermediate School 143","1","100.0000","88502","Acceptable PM2.5 AQI & Speciation Mass","35620","New York-Newark-Jersey City, NY-NJ-PA","36","New York","061","New York","40.8495500009336","-73.935649"
"02/26/2023","AQS","360610115","3","12.1","ug/m3 LC","51","Intermediate School 143","1","100.0000","88502","Acceptable PM2.5 AQI & Speciation Mass","35620","New York-Newark-Jersey City, NY-NJ-PA","36","New York","061","New York","40.8495500009336","-73.935649"
"02/27/2023","AQS","360610115","3","6.1","ug/m3 LC","25","Intermediate School 143","1","100.0000","88502","Acceptable PM2.5 AQI & Speciation Mass","35620","New York-Newark-Jersey City, NY-NJ-PA","36","New York","061","New York","40.8495500009336","-73.935649"
"02/28/2023","AQS","360610115","3","7.6","ug/m3 LC","32","Intermediate School 143","1","100.0000","88502","Acceptable PM2.5 AQI & Speciation Mass","35620","New York-Newark-Jersey City, NY-NJ-PA","36","New York","061","New York","40.8495500009336","-73.935649"
"03/01/2023","AQS","360610115","3","7.4","ug/m3 LC","31","Intermediate School 143","1","100.0000","88502","Acceptable PM2.5 AQI & Speciation Mass","35620","New York-Newark-Jersey City, NY-NJ-PA","36","New York","061","New York","40.8495500009336","-73.935649"
"03/02/2023","AQS","360610115","3","8.3","ug/m3 LC","35","Intermediate School 143","1","100.0000","88502","Acceptable PM2.5 AQI & Speciation Mass","35620","New York-Newark-Jersey City, NY-NJ-PA","36","New York","061","New York","40.8495500009336","-73.935649"
"03/03/2023","AQS","360610115","3","4.6","ug/m3 LC","19","Intermediate School 143","1","100.0000","88502","Acceptable PM2.5 AQI & Speciation Mass","35620","New York-Newark-Jersey City, NY-NJ-PA","36","New York","061","New York","40.8495500009336","-73.935649"
"03/04/2023","AQS","360610115","3","8.5","ug/m3 LC","35","Intermediate School 143","1","100.0000","88502","Acceptable PM2.5 AQI & Speciation Mass","35620","New York-Newark-Jersey City, NY-NJ-PA","36","New York","061","New York","40.8495500009336","-73.935649"
"03/05/2023","AQS","360610115","3","6.3","ug/m3 LC","26","Intermediate School 143","1","100.0000","88502","Acceptable PM2.5 AQI & Speciation Mass","35620","New York-Newark-Jersey City, NY-NJ-PA","36","New York","061","New York","40.8495500009336","-73.935649"
"03/06/2023","AQS","360610115","3","7.3","ug/m3 LC","30","Intermediate School 143","1","100.0000","88502","Acceptable PM2.5 AQI & Speciation Mass","35620","New York-Newark-Jersey City, NY-NJ-PA","36","New York","061","New York","40.8495500009336","-73.935649"
"03/07/2023","AQS","360610115","3","8.1","ug/m3 LC","34","Intermediate School 143","1","100.0000","88502","Acceptable PM2.5 AQI & Speciation Mass","35620","New York-Newark-Jersey City, NY-NJ-PA","36","New York","061","New York","40.8495500009336","-73.935649"
"03/09/2023","AQS","360610115","3","4.5","ug/m3 LC","19","Intermediate School 143","1","100.0000","88502","Acceptable PM2.5 AQI & Speciation Mass","35620","New York-Newark-Jersey City, NY-NJ-PA","36","New York","061","New York","40.8495500009336","-73.935649"
"03/10/2023","AQS","360610115","3","6.9","ug/m3 LC","29","Intermediate School 143","1","100.0000","88502","Acceptable PM2.5 AQI & Speciation Mass","35620","New York-Newark-Jersey City, NY-NJ-PA","36","New York","061","New York","40.8495500009336","-73.935649"
"03/11/2023","AQS","360610115","3","6","ug/m3 LC","25","Intermediate School 143","1","100.0000","88502","Acceptable PM2.5 AQI & Speciation Mass","35620","New York-Newark-Jersey City, NY-NJ-PA","36","New York","061","New York","40.8495500009336","-73.935649"
"03/12/2023","AQS","360610115","3","5.8","ug/m3 LC","24","Intermediate School 143","1","100.0000","88502","Acceptable PM2.5 AQI & Speciation Mass","35620","New York-Newark-Jersey City, NY-NJ-PA","36","New York","061","New York","40.8495500009336","-73.935649"
"03/13/2023","AQS","360610115","3","6.2","ug/m3 LC","26","Intermediate School 143","1","100.0000","88502","Acceptable PM2.5 AQI & Speciation Mass","35620","New York-Newark-Jersey City, NY-NJ-PA","36","New York","061","New York","40.8495500009336","-73.935649"
"03/14/2023","AQS","360610115","3","7.8","ug/m3 LC","33","Intermediate School 143","1","100.0000","88502","Acceptable PM2.5 AQI & Speciation Mass","35620","New York-Newark-Jersey City, NY-NJ-PA","36","New York","061","New York","40.8495500009336","-73.935649"
"03/15/2023","AQS","360610115","3","12.9","ug/m3 LC","53","Intermediate School 143","1","100.0000","88502","Acceptable PM2.5 AQI & Speciation Mass","35620","New York-Newark-Jersey City, NY-NJ-PA","36","New York","061","New York","40.8495500009336","-73.935649"
"03/16/2023","AQS","360610115","3","10","ug/m3 LC","42","Intermediate School 143","1","100.0000","88502","Acceptable PM2.5 AQI & Speciation Mass","35620","New York-Newark-Jersey City, NY-NJ-PA","36","New York","061","New York","40.8495500009336","-73.935649"
"03/17/2023","AQS","360610115","3","16.3","ug/m3 LC","60","Intermediate School 143","1","100.0000","88502","Acceptable PM2.5 AQI & Speciation Mass","35620","New York-Newark-Jersey City, NY-NJ-PA","36","New York","061","New York","40.8495500009336","-73.935649"
"03/18/2023","AQS","360610115","3","10.6","ug/m3 LC","44","Intermediate School 143","1","100.0000","88502","Acceptable PM2.5 AQI & Speciation Mass","35620","New York-Newark-Jersey City, NY-NJ-PA","36","New York","061","New York","40.8495500009336","-73.935649"
"03/19/2023","AQS","360610115","3","5.7","ug/m3 LC","24","Intermediate School 143","1","100.0000","88502","Acceptable PM2.5 AQI & Speciation Mass","35620","New York-Newark-Jersey City, NY-NJ-PA","36","New York","061","New York","40.8495500009336","-73.935649"
"03/20/2023","AQS","360610115","3","8.5","ug/m3 LC","35","Intermediate School 143","1","100.0000","88502","Acceptable PM2.5 AQI & Speciation Mass","35620","New York-Newark-Jersey City, NY-NJ-PA","36","New York","061","New York","40.8495500009336","-73.935649"
"03/23/2023","AQS","360610115","3","13.8","ug/m3 LC","55","Intermediate School 143","1","100.0000","88502","Acceptable PM2.5 AQI & Speciation Mass","35620","New York-Newark-Jersey City, NY-NJ-PA","36","New York","061","New York","40.8495500009336","-73.935649"
"03/24/2023","AQS","360610115","3","6","ug/m3 LC","25","Intermediate School 143","1","100.0000","88502","Acceptable PM2.5 AQI & Speciation Mass","35620","New York-Newark-Jersey City, NY-NJ-PA","36","New York","061","New York","40.8495500009336","-73.935649"
"03/25/2023","AQS","360610115","3","6","ug/m3 LC","25","Intermediate School 143","1","100.0000","88502","Acceptable PM2.5 AQI & Speciation Mass","35620","New York-Newark-Jersey City, NY-NJ-PA","36","New York","061","New York","40.8495500009336","-73.935649"
"03/26/2023","AQS","360610115","3","5.7","ug/m3 LC","24","Intermediate School 143","1","100.0000","88502","Acceptable PM2.5 AQI & Speciation Mass","35620","New York-Newark-Jersey City, NY-NJ-PA","36","New York","061","New York","40.8495500009336","-73.935649"
"03/27/2023","AQS","360610115","3","7.6","ug/m3 LC","32","Intermediate School 143","1","100.0000","88502","Acceptable PM2.5 AQI & Speciation Mass","35620","New York-Newark-Jersey City, NY-NJ-PA","36","New York","061","New York","40.8495500009336","-73.935649"
"03/28/2023","AQS","360610115","3","4.5","ug/m3 LC","19","Intermediate School 143","1","100.0000","88502","Acceptable PM2.5 AQI & Speciation Mass","35620","New York-Newark-Jersey City, NY-NJ-PA","36","New York","061","New York","40.8495500009336","-73.935649"
"03/29/2023","AQS","360610115","3","5.4","ug/m3 LC","23","Intermediate School 143","1","100.0000","88502","Acceptable PM2.5 AQI & Speciation Mass","35620","New York-Newark-Jersey City, NY-NJ-PA","36","New York","061","New York","40.8495500009336","-73.935649"
"03/30/2023","AQS","360610115","3","5.8","ug/m3 LC","24","Intermediate School 143","1","100.0000","88502","Acceptable PM2.5 AQI & Speciation Mass","35620","New York-Newark-Jersey City, NY-NJ-PA","36","New York","061","New York","40.8495500009336","-73.935649"
"03/31/2023","AQS","360610115","3","10","ug/m3 LC","42","Intermediate School 143","1","100.0000","88502","Acceptable PM2.5 AQI & Speciation Mass","35620","New York-Newark-Jersey City, NY-NJ-PA","36","New York","061","New York","40.8495500009336","-73.935649"
"04/01/2023","AQS","360610115","3","7.1","ug/m3 LC","30","Intermediate School 143","1","100.0000","88502","Acceptable PM2.5 AQI & Speciation Mass","35620","New York-Newark-Jersey City, NY-NJ-PA","36","New York","061","New York","40.8495500009336","-73.935649"
"04/02/2023","AQS","360610115","3","3.7","ug/m3 LC","15","Intermediate School 143","1","100.0000","88502","Acceptable PM2.5 AQI & Speciation Mass","35620","New York-Newark-Jersey City, NY-NJ-PA","36","New York","061","New York","40.8495500009336","-73.935649"
"04/03/2023","AQS","360610115","3","6.4","ug/m3 LC","27","Intermediate School 143","1","100.0000","88502","Acceptable PM2.5 AQI & Speciation Mass","35620","New York-Newark-Jersey City, NY-NJ-PA","36","New York","061","New York","40.8495500009336","-73.935649"
"04/04/2023","AQS","360610115","3","15.6","ug/m3 LC","58","Intermediate School 143","1","100.0000","88502","Acceptable PM2.5 AQI & Speciation Mass","35620","New York-Newark-Jersey City, NY-NJ-PA","36","New York","061","New York","40.8495500009336","-73.935649"
"04/05/2023","AQS","360610115","3","8.6","ug/m3 LC","36","Intermediate School 143","1","100.0000","88502","Acceptable PM2.5 AQI & Speciation Mass","35620","New York-Newark-Jersey City, NY-NJ-PA","36","New York","061","New York","40.8495500009336","-73.935649"
"04/06/2023","AQS","360610115","3","10.5","ug/m3 LC","44","Intermediate School 143","1","100.0000","88502","Acceptable PM2.5 AQI & Speciation Mass","35620","New York-Newark-Jersey City, NY-NJ-PA","36","New York","061","New York","40.8495500009336","-73.935649"
"04/07/2023","AQS","360610115","3","3.2","ug/m3 LC","13","Intermediate School 143","1","100.0000","88502","Acceptable PM2.5 AQI & Speciation Mass","35620","New York-Newark-Jersey City, NY-NJ-PA","36","New York","061","New York","40.8495500009336","-73.935649"
"04/08/2023","AQS","360610115","3","4.1","ug/m3 LC","17","Intermediate School 143","1","100.0000","88502","Acceptable PM2.5 AQI & Speciation Mass","35620","New York-Newark-Jersey City, NY-NJ-PA","36","New York","061","New York","40.8495500009336","-73.935649"
"04/09/2023","AQS","360610115","3","6.7","ug/m3 LC","28","Intermediate School 143","1","100.0000","88502","Acceptable PM2.5 AQI & Speciation Mass","35620","New York-Newark-Jersey City, NY-NJ-PA","36","New York","061","New York","40.8495500009336","-73.935649"
"04/10/2023","AQS","360610115","3","6.5","ug/m3 LC","27","Intermediate School 143","1","100.0000","88502","Acceptable PM2.5 AQI & Speciation Mass","35620","New York-Newark-Jersey City, NY-NJ-PA","36","New York","061","New York","40.8495500009336","-73.935649"
"04/11/2023","AQS","360610115","3","7.7","ug/m3 LC","32","Intermediate School 143","1","100.0000","88502","Acceptable PM2.5 AQI & Speciation Mass","35620","New York-Newark-Jersey City, NY-NJ-PA","36","New York","061","New York","40.8495500009336","-73.935649"
"04/12/2023","AQS","360610115","3","10.1","ug/m3 LC","42","Intermediate School 143","1","100.0000","88502","Acceptable PM2.5 AQI & Speciation Mass","35620","New York-Newark-Jersey City, NY-NJ-PA","36","New York","061","New York","40.8495500009336","-73.935649"
"04/13/2023","AQS","360610115","3","12.2","ug/m3 LC","51","Intermediate School 143","1","100.0000","88502","Acceptable PM2.5 AQI & Speciation Mass","35620","New York-Newark-Jersey City, NY-NJ-PA","36","New York","061","New York","40.8495500009336","-73.935649"
"04/14/2023","AQS","360610115","3","12.2","ug/m3 LC","51","Intermediate School 143","1","100.0000","88502","Acceptable PM2.5 AQI & Speciation Mass","35620","New York-Newark-Jersey City, NY-NJ-PA","36","New York","061","New York","40.8495500009336","-73.935649"
"04/15/2023","AQS","360610115","3","2.6","ug/m3 LC","11","Intermediate School 143","1","100.0000","88502","Acceptable PM2.5 AQI & Speciation Mass","35620","New York-Newark-Jersey City, NY-NJ-PA","36","New York","061","New York","40.8495500009336","-73.935649"
"04/16/2023","AQS","360610115","3","4","ug/m3 LC","17","Intermediate School 143","1","100.0000","88502","Acceptable PM2.5 AQI & Speciation Mass","35620","New York-Newark-Jersey City, NY-NJ-PA","36","New York","061","New York","40.8495500009336","-73.935649"
"04/17/2023","AQS","360610115","3","2.7","ug/m3 LC","11","Intermediate School 143","1","100.0000","88502","Acceptable PM2.5 AQI & Speciation Mass","35620","New York-Newark-Jersey City, NY-NJ-PA","36","New York","061","New York","40.8495500009336","-73.935649"
"04/18/2023","AQS","360610115","3","2","ug/m3 LC","8","Intermediate School 143","1","100.0000","88502","Acceptable PM2.5 AQI & Speciation Mass","35620","New York-Newark-Jersey City, NY-NJ-PA","36","New York","061","New York","40.8495500009336","-73.935649"
"04/19/2023","AQS","360610115","3","4.9","ug/m3 LC","20","Intermediate School 143","1","100.0000","88502","Acceptable PM2.5 AQI & Speciation Mass","35620","New York-Newark-Jersey City, NY-NJ-PA","36","New York","061","New York","40.8495500009336","-73.935649"
"04/20/2023","AQS","360610115","3","5","ug/m3 LC","21","Intermediate School 143","1","100.0000","88502","Acceptable PM2.5 AQI & Speciation Mass","35620","New York-Newark-Jersey City, NY-NJ-PA","36","New York","061","New York","40.8495500009336","-73.935649"
"04/21/2023","AQS","360610115","3","6.7","ug/m3 LC","28","Intermediate School 143","1","100.0000","88502","Acceptable PM2.5 AQI & Speciation Mass","35620","New York-Newark-Jersey City, NY-NJ-PA","36","New York","061","New York","40.8495500009336","-73.935649"
"04/22/2023","AQS","360610115","3","8","ug/m3 LC","33","Intermediate School 143","1","100.0000","88502","Acceptable PM2.5 AQI & Speciation Mass","35620","New York-Newark-Jersey City, NY-NJ-PA","36","New York","061","New York","40.8495500009336","-73.935649"
"04/23/2023","AQS","360610115","3","1.8","ug/m3 LC","8","Intermediate School 143","1","100.0000","88502","Acceptable PM2.5 AQI & Speciation Mass","35620","New York-Newark-Jersey City, NY-NJ-PA","36","New York","061","New York","40.8495500009336","-73.935649"
"04/24/2023","AQS","360610115","3","3.4","ug/m3 LC","14","Intermediate School 143","1","100.0000","88502","Acceptable PM2.5 AQI & Speciation Mass","35620","New York-Newark-Jersey City, NY-NJ-PA","36","New York","061","New York","40.8495500009336","-73.935649"
"04/25/2023","AQS","360610115","3","2.9","ug/m3 LC","12","Intermediate School 143","1","100.0000","88502","Acceptable PM2.5 AQI & Speciation Mass","35620","New York-Newark-Jersey City, NY-NJ-PA","36","New York","061","New York","40.8495500009336","-73.935649"
"04/26/2023","AQS","360610115","3","6.1","ug/m3 LC","25","Intermediate School 143","1","100.0000","88502","Acceptable PM2.5 AQI & Speciation Mass","35620","New York-Newark-Jersey City, NY-NJ-PA","36","New York","061","New York","40.8495500009336","-73.935649"
"04/27/2023","AQS","360610115","3","7.2","ug/m3 LC","30","Intermediate School 143","1","100.0000","88502","Acceptable PM2.5 AQI & Speciation Mass","35620","New York-Newark-Jersey City, NY-NJ-PA","36","New York","061","New York","40.8495500009336","-73.935649"
"04/28/2023","AQS","360610115","3","5.1","ug/m3 LC","21","Intermediate School 143","1","100.0000","88502","Acceptable PM2.5 AQI & Speciation Mass","35620","New York-Newark-Jersey City, NY-NJ-PA","36","New York","061","New York","40.8495500009336","-73.935649"
"05/02/2023","AQS","360610115","3","1.3","ug/m3 LC","5","Intermediate School 143","1","100.0000","88502","Acceptable PM2.5 AQI & Speciation Mass","35620","New York-Newark-Jersey City, NY-NJ-PA","36","New York","061","New York","40.8495500009336","-73.935649"
"05/03/2023","AQS","360610115","3","2.1","ug/m3 LC","9","Intermediate School 143","1","100.0000","88502","Acceptable PM2.5 AQI & Speciation Mass","35620","New York-Newark-Jersey City, NY-NJ-PA","36","New York","061","New York","40.8495500009336","-73.935649"
"05/04/2023","AQS","360610115","3","3","ug/m3 LC","13","Intermediate School 143","1","100.0000","88502","Acceptable PM2.5 AQI & Speciation Mass","35620","New York-Newark-Jersey City, NY-NJ-PA","36","New York","061","New York","40.8495500009336","-73.935649"
"05/05/2023","AQS","360610115","3","3.8","ug/m3 LC","16","Intermediate School 143","1","100.0000","88502","Acceptable PM2.5 AQI & Speciation Mass","35620","New York-Newark-Jersey City, NY-NJ-PA","36","New York","061","New York","40.8495500009336","-73.935649"
"05/06/2023","AQS","360610115","3","2.5","ug/m3 LC","10","Intermediate School 143","1","100.0000","88502","Acceptable PM2.5 AQI & Speciation Mass","35620","New York-Newark-Jersey City, NY-NJ-PA","36","New York","061","New York","40.8495500009336","-73.935649"
"05/07/2023","AQS","360610115","3","4","ug/m3 LC","17","Intermediate School 143","1","100.0000","88502","Acceptable PM2.5 AQI & Speciation Mass","35620","New York-Newark-Jersey City, NY-NJ-PA","36","New York","061","New York","40.8495500009336","-73.935649"
"05/09/2023","AQS","360610115","3","3.6","ug/m3 LC","15","Intermediate School 143","1","100.0000","88502","Acceptable PM2.5 AQI & Speciation Mass","35620","New York-Newark-Jersey City, NY-NJ-PA","36","New York","061","New York","40.8495500009336","-73.935649"
"05/10/2023","AQS","360610115","3","5.9","ug/m3 LC","25","Intermediate School 143","1","100.0000","88502","Acceptable PM2.5 AQI & Speciation Mass","35620","New York-Newark-Jersey City, NY-NJ-PA","36","New York","061","New York","40.8495500009336","-73.935649"
"05/11/2023","AQS","360610115","3","13.3","ug/m3 LC","54","Intermediate School 143","1","100.0000","88502","Acceptable PM2.5 AQI & Speciation Mass","35620","New York-Newark-Jersey City, NY-NJ-PA","36","New York","061","New York","40.8495500009336","-73.935649"
"05/12/2023","AQS","360610115","3","16","ug/m3 LC","59","Intermediate School 143","1","100.0000","88502","Acceptable PM2.5 AQI & Speciation Mass","35620","New York-Newark-Jersey City, NY-NJ-PA","36","New York","061","New York","40.8495500009336","-73.935649"
"05/13/2023","AQS","360610115","3","10.6","ug/m3 LC","44","Intermediate School 143","1","100.0000","88502","Acceptable PM2.5 AQI & Speciation Mass","35620","New York-Newark-Jersey City, NY-NJ-PA","36","New York","061","New York","40.8495500009336","-73.935649"
"05/14/2023","AQS","360610115","3","5.1","ug/m3 LC","21","Intermediate School 143","1","100.0000","88502","Acceptable PM2.5 AQI & Speciation Mass","35620","New York-Newark-Jersey City, NY-NJ-PA","36","New York","061","New York","40.8495500009336","-73.935649"
"05/15/2023","AQS","360610115","3","2.8","ug/m3 LC","12","Intermediate School 143","1","100.0000","88502","Acceptable PM2.5 AQI & Speciation Mass","35620","New York-Newark-Jersey City, NY-NJ-PA","36","New York","061","New York","40.8495500009336","-73.935649"
"05/16/2023","AQS","360610115","3","7.1","ug/m3 LC","30","Intermediate School 143","1","100.0000","88502","Acceptable PM2.5 AQI & Speciation Mass","35620","New York-Newark-Jersey City, NY-NJ-PA","36","New York","061","New York","40.8495500009336","-73.935649"
"05/17/2023","AQS","360610115","3","4.5","ug/m3 LC","19","Intermediate School 143","1","100.0000","88502","Acceptable PM2.5 AQI & Speciation Mass","35620","New York-Newark-Jersey City, NY-NJ-PA","36","New York","061","New York","40.8495500009336","-73.935649"
"05/18/2023","AQS","360610115","3","4.5","ug/m3 LC","19","Intermediate School 143","1","100.0000","88502","Acceptable PM2.5 AQI & Speciation Mass","35620","New York-Newark-Jersey City, NY-NJ-PA","36","New York","061","New York","40.8495500009336","-73.935649"
"05/19/2023","AQS","360610115","3","5","ug/m3 LC","21","Intermediate School 143","1","100.0000","88502","Acceptable PM2.5 AQI & Speciation Mass","35620","New York-Newark-Jersey City, NY-NJ-PA","36","New York","061","New York","40.8495500009336","-73.935649"
"05/23/2023","AQS","360610115","3","7.3","ug/m3 LC","30","Intermediate School 143","1","100.0000","88502","Acceptable PM2.5 AQI & Speciation Mass","35620","New York-Newark-Jersey City, NY-NJ-PA","36","New York","061","New York","40.8495500009336","-73.935649"
"05/24/2023","AQS","360610115","3","7.9","ug/m3 LC","33","Intermediate School 143","1","100.0000","88502","Acceptable PM2.5 AQI & Speciation Mass","35620","New York-Newark-Jersey City, NY-NJ-PA","36","New York","061","New York","40.8495500009336","-73.935649"
"05/26/2023","AQS","360610115","3","3.1","ug/m3 LC","13","Intermediate School 143","1","100.0000","88502","Acceptable PM2.5 AQI & Speciation Mass","35620","New York-Newark-Jersey City, NY-NJ-PA","36","New York","061","New York","40.8495500009336","-73.935649"
"05/27/2023","AQS","360610115","3","5.3","ug/m3 LC","22","Intermediate School 143","1","100.0000","88502","Acceptable PM2.5 AQI & Speciation Mass","35620","New York-Newark-Jersey City, NY-NJ-PA","36","New York","061","New York","40.8495500009336","-73.935649"
"05/28/2023","AQS","360610115","3","5.3","ug/m3 LC","22","Intermediate School 143","1","100.0000","88502","Acceptable PM2.5 AQI & Speciation Mass","35620","New York-Newark-Jersey City, NY-NJ-PA","36","New York","061","New York","40.8495500009336","-73.935649"
"05/29/2023","AQS","360610115","3","8.4","ug/m3 LC","35","Intermediate School 143","1","100.0000","88502","Acceptable PM2.5 AQI & Speciation Mass","35620","New York-Newark-Jersey City, NY-NJ-PA","36","New York","061","New York","40.8495500009336","-73.935649"
"05/30/2023","AQS","360610115","3","11.4","ug/m3 LC","48","Intermediate School 143","1","100.0000","88502","Acceptable PM2.5 AQI & Speciation Mass","35620","New York-Newark-Jersey City, NY-NJ-PA","36","New York","061","New York","40.8495500009336","-73.935649"
"05/31/2023","AQS","360610115","3","9.2","ug/m3 LC","38","Intermediate School 143","1","100.0000","88502","Acceptable PM2.5 AQI & Speciation Mass","35620","New York-Newark-Jersey City, NY-NJ-PA","36","New York","061","New York","40.8495500009336","-73.935649"
"06/01/2023","AQS","360610115","3","14.1","ug/m3 LC","55","Intermediate School 143","1","100.0000","88502","Acceptable PM2.5 AQI & Speciation Mass","35620","New York-Newark-Jersey City, NY-NJ-PA","36","New York","061","New York","40.8495500009336","-73.935649"
"06/02/2023","AQS","360610115","3","19.2","ug/m3 LC","66","Intermediate School 143","1","100.0000","88502","Acceptable PM2.5 AQI & Speciation Mass","35620","New York-Newark-Jersey City, NY-NJ-PA","36","New York","061","New York","40.8495500009336","-73.935649"
"06/03/2023","AQS","360610115","3","6.9","ug/m3 LC","29","Intermediate School 143","1","100.0000","88502","Acceptable PM2.5 AQI & Speciation Mass","35620","New York-Newark-Jersey City, NY-NJ-PA","36","New York","061","New York","40.8495500009336","-73.935649"
"06/04/2023","AQS","360610115","3","1.2","ug/m3 LC","5","Intermediate School 143","1","100.0000","88502","Acceptable PM2.5 AQI & Speciation Mass","35620","New York-Newark-Jersey City, NY-NJ-PA","36","New York","061","New York","40.8495500009336","-73.935649"
"06/05/2023","AQS","360610115","3","8.8","ug/m3 LC","37","Intermediate School 143","1","100.0000","88502","Acceptable PM2.5 AQI & Speciation Mass","35620","New York-Newark-Jersey City, NY-NJ-PA","36","New York","061","New York","40.8495500009336","-73.935649"
"06/06/2023","AQS","360610115","3","57.2","ug/m3 LC","152","Intermediate School 143","1","100.0000","88502","Acceptable PM2.5 AQI & Speciation Mass","35620","New York-Newark-Jersey City, NY-NJ-PA","36","New York","061","New York","40.8495500009336","-73.935649"
"06/07/2023","AQS","360610115","3","132.1","ug/m3 LC","191","Intermediate School 143","1","100.0000","88502","Acceptable PM2.5 AQI & Speciation Mass","35620","New York-Newark-Jersey City, NY-NJ-PA","36","New York","061","New York","40.8495500009336","-73.935649"
"06/08/2023","AQS","360610115","3","63.4","ug/m3 LC","155","Intermediate School 143","1","100.0000","88502","Acceptable PM2.5 AQI & Speciation Mass","35620","New York-Newark-Jersey City, NY-NJ-PA","36","New York","061","New York","40.8495500009336","-73.935649"
"06/09/2023","AQS","360610115","3","1.9","ug/m3 LC","8","Intermediate School 143","1","100.0000","88502","Acceptable PM2.5 AQI & Speciation Mass","35620","New York-Newark-Jersey City, NY-NJ-PA","36","New York","061","New York","40.8495500009336","-73.935649"
"06/10/2023","AQS","360610115","3","10","ug/m3 LC","42","Intermediate School 143","1","100.0000","88502","Acceptable PM2.5 AQI & Speciation Mass","35620","New York-Newark-Jersey City, NY-NJ-PA","36","New York","061","New York","40.8495500009336","-73.935649"
"06/11/2023","AQS","360610115","3","25.9","ug/m3 LC","80","Intermediate School 143","1","100.0000","88502","Acceptable PM2.5 AQI & Speciation Mass","35620","New York-Newark-Jersey City, NY-NJ-PA","36","New York","061","New York","40.8495500009336","-73.935649"
"06/12/2023","AQS","360610115","3","19.9","ug/m3 LC","67","Intermediate School 143","1","100.0000","88502","Acceptable PM2.5 AQI & Speciation Mass","35620","New York-Newark-Jersey City, NY-NJ-PA","36","New York","061","New York","40.8495500009336","-73.935649"
"06/13/2023","AQS","360610115","3","4","ug/m3 LC","17","Intermediate School 143","1","100.0000","88502","Acceptable PM2.5 AQI & Speciation Mass","35620","New York-Newark-Jersey City, NY-NJ-PA","36","New York","061","New York","40.8495500009336","-73.935649"
"06/14/2023","AQS","360610115","3","7.4","ug/m3 LC","31","Intermediate School 143","1","100.0000","88502","Acceptable PM2.5 AQI & Speciation Mass","35620","New York-Newark-Jersey City, NY-NJ-PA","36","New York","061","New York","40.8495500009336","-73.935649"
"02/01/2023","AQS","360610135","3","6.9","ug/m3 LC","29","CCNY","1","100.0000","88502","Acceptable PM2.5 AQI & Speciation Mass","35620","New York-Newark-Jersey City, NY-NJ-PA","36","New York","061","New York","40.81976","-73.94825"
"02/02/2023","AQS","360610135","3","8.1","ug/m3 LC","34","CCNY","1","100.0000","88502","Acceptable PM2.5 AQI & Speciation Mass","35620","New York-Newark-Jersey City, NY-NJ-PA","36","New York","061","New York","40.81976","-73.94825"
"02/03/2023","AQS","360610135","3","7.9","ug/m3 LC","33","CCNY","1","100.0000","88502","Acceptable PM2.5 AQI & Speciation Mass","35620","New York-Newark-Jersey City, NY-NJ-PA","36","New York","061","New York","40.81976","-73.94825"
"02/04/2023","AQS","360610135","3","6.2","ug/m3 LC","26","CCNY","1","100.0000","88502","Acceptable PM2.5 AQI & Speciation Mass","35620","New York-Newark-Jersey City, NY-NJ-PA","36","New York","061","New York","40.81976","-73.94825"
"02/05/2023","AQS","360610135","3","8.9","ug/m3 LC","37","CCNY","1","100.0000","88502","Acceptable PM2.5 AQI & Speciation Mass","35620","New York-Newark-Jersey City, NY-NJ-PA","36","New York","061","New York","40.81976","-73.94825"
"02/06/2023","AQS","360610135","3","12.1","ug/m3 LC","51","CCNY","1","100.0000","88502","Acceptable PM2.5 AQI & Speciation Mass","35620","New York-Newark-Jersey City, NY-NJ-PA","36","New York","061","New York","40.81976","-73.94825"
"02/07/2023","AQS","360610135","3","9.4","ug/m3 LC","39","CCNY","1","100.0000","88502","Acceptable PM2.5 AQI & Speciation Mass","35620","New York-Newark-Jersey City, NY-NJ-PA","36","New York","061","New York","40.81976","-73.94825"
"02/08/2023","AQS","360610135","3","10.4","ug/m3 LC","43","CCNY","1","100.0000","88502","Acceptable PM2.5 AQI & Speciation Mass","35620","New York-Newark-Jersey City, NY-NJ-PA","36","New York","061","New York","40.81976","-73.94825"
"02/09/2023","AQS","360610135","3","12.5","ug/m3 LC","52","CCNY","1","100.0000","88502","Acceptable PM2.5 AQI & Speciation Mass","35620","New York-Newark-Jersey City, NY-NJ-PA","36","New York","061","New York","40.81976","-73.94825"
"02/10/2023","AQS","360610135","3","8.4","ug/m3 LC","35","CCNY","1","100.0000","88502","Acceptable PM2.5 AQI & Speciation Mass","35620","New York-Newark-Jersey City, NY-NJ-PA","36","New York","061","New York","40.81976","-73.94825"
"02/11/2023","AQS","360610135","3","5.6","ug/m3 LC","23","CCNY","1","100.0000","88502","Acceptable PM2.5 AQI & Speciation Mass","35620","New York-Newark-Jersey City, NY-NJ-PA","36","New York","061","New York","40.81976","-73.94825"
"02/12/2023","AQS","360610135","3","7.9","ug/m3 LC","33","CCNY","1","100.0000","88502","Acceptable PM2.5 AQI & Speciation Mass","35620","New York-Newark-Jersey City, NY-NJ-PA","36","New York","061","New York","40.81976","-73.94825"
"02/13/2023","AQS","360610135","3","6.7","ug/m3 LC","28","CCNY","1","100.0000","88502","Acceptable PM2.5 AQI & Speciation Mass","35620","New York-Newark-Jersey City, NY-NJ-PA","36","New York","061","New York","40.81976","-73.94825"
"02/14/2023","AQS","360610135","3","9.2","ug/m3 LC","38","CCNY","1","100.0000","88502","Acceptable PM2.5 AQI & Speciation Mass","35620","New York-Newark-Jersey City, NY-NJ-PA","36","New York","061","New York","40.81976","-73.94825"
"02/15/2023","AQS","360610135","3","8","ug/m3 LC","33","CCNY","1","100.0000","88502","Acceptable PM2.5 AQI & Speciation Mass","35620","New York-Newark-Jersey City, NY-NJ-PA","36","New York","061","New York","40.81976","-73.94825"
"02/16/2023","AQS","360610135","3","13.6","ug/m3 LC","54","CCNY","1","100.0000","88502","Acceptable PM2.5 AQI & Speciation Mass","35620","New York-Newark-Jersey City, NY-NJ-PA","36","New York","061","New York","40.81976","-73.94825"
"02/17/2023","AQS","360610135","3","7.8","ug/m3 LC","33","CCNY","1","100.0000","88502","Acceptable PM2.5 AQI & Speciation Mass","35620","New York-Newark-Jersey City, NY-NJ-PA","36","New York","061","New York","40.81976","-73.94825"
"02/18/2023","AQS","360610135","3","6","ug/m3 LC","25","CCNY","1","100.0000","88502","Acceptable PM2.5 AQI & Speciation Mass","35620","New York-Newark-Jersey City, NY-NJ-PA","36","New York","061","New York","40.81976","-73.94825"
"02/19/2023","AQS","360610135","3","7.5","ug/m3 LC","31","CCNY","1","100.0000","88502","Acceptable PM2.5 AQI & Speciation Mass","35620","New York-Newark-Jersey City, NY-NJ-PA","36","New York","061","New York","40.81976","-73.94825"
"02/20/2023","AQS","360610135","3","7.6","ug/m3 LC","32","CCNY","1","100.0000","88502","Acceptable PM2.5 AQI & Speciation Mass","35620","New York-Newark-Jersey City, NY-NJ-PA","36","New York","061","New York","40.81976","-73.94825"
"02/21/2023","AQS","360610135","3","9.5","ug/m3 LC","40","CCNY","1","100.0000","88502","Acceptable PM2.5 AQI & Speciation Mass","35620","New York-Newark-Jersey City, NY-NJ-PA","36","New York","061","New York","40.81976","-73.94825"
"02/22/2023","AQS","360610135","3","6.9","ug/m3 LC","29","CCNY","1","100.0000","88502","Acceptable PM2.5 AQI & Speciation Mass","35620","New York-Newark-Jersey City, NY-NJ-PA","36","New York","061","New York","40.81976","-73.94825"
"02/23/2023","AQS","360610135","3","5.6","ug/m3 LC","23","CCNY","1","100.0000","88502","Acceptable PM2.5 AQI & Speciation Mass","35620","New York-Newark-Jersey City, NY-NJ-PA","36","New York","061","New York","40.81976","-73.94825"
"02/24/2023","AQS","360610135","3","6","ug/m3 LC","25","CCNY","1","100.0000","88502","Acceptable PM2.5 AQI & Speciation Mass","35620","New York-Newark-Jersey City, NY-NJ-PA","36","New York","061","New York","40.81976","-73.94825"
"02/25/2023","AQS","360610135","3","3.8","ug/m3 LC","16","CCNY","1","100.0000","88502","Acceptable PM2.5 AQI & Speciation Mass","35620","New York-Newark-Jersey City, NY-NJ-PA","36","New York","061","New York","40.81976","-73.94825"
"02/26/2023","AQS","360610135","3","10.1","ug/m3 LC","42","CCNY","1","100.0000","88502","Acceptable PM2.5 AQI & Speciation Mass","35620","New York-Newark-Jersey City, NY-NJ-PA","36","New York","061","New York","40.81976","-73.94825"
"02/27/2023","AQS","360610135","3","5.6","ug/m3 LC","23","CCNY","1","100.0000","88502","Acceptable PM2.5 AQI & Speciation Mass","35620","New York-Newark-Jersey City, NY-NJ-PA","36","New York","061","New York","40.81976","-73.94825"
"02/28/2023","AQS","360610135","3","7","ug/m3 LC","29","CCNY","1","100.0000","88502","Acceptable PM2.5 AQI & Speciation Mass","35620","New York-Newark-Jersey City, NY-NJ-PA","36","New York","061","New York","40.81976","-73.94825"
"03/01/2023","AQS","360610135","3","6","ug/m3 LC","25","CCNY","1","100.0000","88502","Acceptable PM2.5 AQI & Speciation Mass","35620","New York-Newark-Jersey City, NY-NJ-PA","36","New York","061","New York","40.81976","-73.94825"
"03/02/2023","AQS","360610135","3","6.5","ug/m3 LC","27","CCNY","1","100.0000","88502","Acceptable PM2.5 AQI & Speciation Mass","35620","New York-Newark-Jersey City, NY-NJ-PA","36","New York","061","New York","40.81976","-73.94825"
"03/03/2023","AQS","360610135","3","3.8","ug/m3 LC","16","CCNY","1","100.0000","88502","Acceptable PM2.5 AQI & Speciation Mass","35620","New York-Newark-Jersey City, NY-NJ-PA","36","New York","061","New York","40.81976","-73.94825"
"03/04/2023","AQS","360610135","3","4.5","ug/m3 LC","19","CCNY","1","100.0000","88502","Acceptable PM2.5 AQI & Speciation Mass","35620","New York-Newark-Jersey City, NY-NJ-PA","36","New York","061","New York","40.81976","-73.94825"
"03/05/2023","AQS","360610135","3","5.1","ug/m3 LC","21","CCNY","1","100.0000","88502","Acceptable PM2.5 AQI & Speciation Mass","35620","New York-Newark-Jersey City, NY-NJ-PA","36","New York","061","New York","40.81976","-73.94825"
"03/06/2023","AQS","360610135","3","3.2","ug/m3 LC","13","CCNY","1","100.0000","88502","Acceptable PM2.5 AQI & Speciation Mass","35620","New York-Newark-Jersey City, NY-NJ-PA","36","New York","061","New York","40.81976","-73.94825"
"03/08/2023","AQS","360610135","3","2.3","ug/m3 LC","10","CCNY","1","100.0000","88502","Acceptable PM2.5 AQI & Speciation Mass","35620","New York-Newark-Jersey City, NY-NJ-PA","36","New York","061","New York","40.81976","-73.94825"
"03/09/2023","AQS","360610135","3","3","ug/m3 LC","13","CCNY","1","100.0000","88502","Acceptable PM2.5 AQI & Speciation Mass","35620","New York-Newark-Jersey City, NY-NJ-PA","36","New York","061","New York","40.81976","-73.94825"
"03/10/2023","AQS","360610135","3","4.2","ug/m3 LC","18","CCNY","1","100.0000","88502","Acceptable PM2.5 AQI & Speciation Mass","35620","New York-Newark-Jersey City, NY-NJ-PA","36","New York","061","New York","40.81976","-73.94825"
"03/11/2023","AQS","360610135","3","5.1","ug/m3 LC","21","CCNY","1","100.0000","88502","Acceptable PM2.5 AQI & Speciation Mass","35620","New York-Newark-Jersey City, NY-NJ-PA","36","New York","061","New York","40.81976","-73.94825"
"03/12/2023","AQS","360610135","3","4.5","ug/m3 LC","19","CCNY","1","100.0000","88502","Acceptable PM2.5 AQI & Speciation Mass","35620","New York-Newark-Jersey City, NY-NJ-PA","36","New York","061","New York","40.81976","-73.94825"
"03/13/2023","AQS","360610135","3","3.4","ug/m3 LC","14","CCNY","1","100.0000","88502","Acceptable PM2.5 AQI & Speciation Mass","35620","New York-Newark-Jersey City, NY-NJ-PA","36","New York","061","New York","40.81976","-73.94825"
"03/14/2023","AQS","360610135","3","2","ug/m3 LC","8","CCNY","1","100.0000","88502","Acceptable PM2.5 AQI & Speciation Mass","35620","New York-Newark-Jersey City, NY-NJ-PA","36","New York","061","New York","40.81976","-73.94825"
"03/15/2023","AQS","360610135","3","3.9","ug/m3 LC","16","CCNY","1","100.0000","88502","Acceptable PM2.5 AQI & Speciation Mass","35620","New York-Newark-Jersey City, NY-NJ-PA","36","New York","061","New York","40.81976","-73.94825"
"03/16/2023","AQS","360610135","3","5","ug/m3 LC","21","CCNY","1","100.0000","88502","Acceptable PM2.5 AQI & Speciation Mass","35620","New York-Newark-Jersey City, NY-NJ-PA","36","New York","061","New York","40.81976","-73.94825"
"03/17/2023","AQS","360610135","3","13.4","ug/m3 LC","54","CCNY","1","100.0000","88502","Acceptable PM2.5 AQI & Speciation Mass","35620","New York-Newark-Jersey City, NY-NJ-PA","36","New York","061","New York","40.81976","-73.94825"
"03/18/2023","AQS","360610135","3","5.8","ug/m3 LC","24","CCNY","1","100.0000","88502","Acceptable PM2.5 AQI & Speciation Mass","35620","New York-Newark-Jersey City, NY-NJ-PA","36","New York","061","New York","40.81976","-73.94825"
"03/19/2023","AQS","360610135","3","4.8","ug/m3 LC","20","CCNY","1","100.0000","88502","Acceptable PM2.5 AQI & Speciation Mass","35620","New York-Newark-Jersey City, NY-NJ-PA","36","New York","061","New York","40.81976","-73.94825"
"03/20/2023","AQS","360610135","3","6.7","ug/m3 LC","28","CCNY","1","100.0000","88502","Acceptable PM2.5 AQI & Speciation Mass","35620","New York-Newark-Jersey City, NY-NJ-PA","36","New York","061","New York","40.81976","-73.94825"
"03/21/2023","AQS","360610135","3","7.2","ug/m3 LC","30","CCNY","1","100.0000","88502","Acceptable PM2.5 AQI & Speciation Mass","35620","New York-Newark-Jersey City, NY-NJ-PA","36","New York","061","New York","40.81976","-73.94825"
"03/22/2023","AQS","360610135","3","7.2","ug/m3 LC","30","CCNY","1","100.0000","88502","Acceptable PM2.5 AQI & Speciation Mass","35620","New York-Newark-Jersey City, NY-NJ-PA","36","New York","061","New York","40.81976","-73.94825"
"03/23/2023","AQS","360610135","3","11.9","ug/m3 LC","50","CCNY","1","100.0000","88502","Acceptable PM2.5 AQI & Speciation Mass","35620","New York-Newark-Jersey City, NY-NJ-PA","36","New York","061","New York","40.81976","-73.94825"
"03/24/2023","AQS","360610135","3","5.4","ug/m3 LC","23","CCNY","1","100.0000","88502","Acceptable PM2.5 AQI & Speciation Mass","35620","New York-Newark-Jersey City, NY-NJ-PA","36","New York","061","New York","40.81976","-73.94825"
"03/25/2023","AQS","360610135","3","3.7","ug/m3 LC","15","CCNY","1","100.0000","88502","Acceptable PM2.5 AQI & Speciation Mass","35620","New York-Newark-Jersey City, NY-NJ-PA","36","New York","061","New York","40.81976","-73.94825"
"03/26/2023","AQS","360610135","3","4.3","ug/m3 LC","18","CCNY","1","100.0000","88502","Acceptable PM2.5 AQI & Speciation Mass","35620","New York-Newark-Jersey City, NY-NJ-PA","36","New York","061","New York","40.81976","-73.94825"
"03/27/2023","AQS","360610135","3","5.6","ug/m3 LC","23","CCNY","1","100.0000","88502","Acceptable PM2.5 AQI & Speciation Mass","35620","New York-Newark-Jersey City, NY-NJ-PA","36","New York","061","New York","40.81976","-73.94825"
"03/28/2023","AQS","360610135","3","4.1","ug/m3 LC","17","CCNY","1","100.0000","88502","Acceptable PM2.5 AQI & Speciation Mass","35620","New York-Newark-Jersey City, NY-NJ-PA","36","New York","061","New York","40.81976","-73.94825"
"03/29/2023","AQS","360610135","3","5.3","ug/m3 LC","22","CCNY","1","100.0000","88502","Acceptable PM2.5 AQI & Speciation Mass","35620","New York-Newark-Jersey City, NY-NJ-PA","36","New York","061","New York","40.81976","-73.94825"
"03/30/2023","AQS","360610135","3","4","ug/m3 LC","17","CCNY","1","100.0000","88502","Acceptable PM2.5 AQI & Speciation Mass","35620","New York-Newark-Jersey City, NY-NJ-PA","36","New York","061","New York","40.81976","-73.94825"
"03/31/2023","AQS","360610135","3","6.9","ug/m3 LC","29","CCNY","1","100.0000","88502","Acceptable PM2.5 AQI & Speciation Mass","35620","New York-Newark-Jersey City, NY-NJ-PA","36","New York","061","New York","40.81976","-73.94825"
"04/01/2023","AQS","360610135","3","5.4","ug/m3 LC","23","CCNY","1","100.0000","88502","Acceptable PM2.5 AQI & Speciation Mass","35620","New York-Newark-Jersey City, NY-NJ-PA","36","New York","061","New York","40.81976","-73.94825"
"04/02/2023","AQS","360610135","3","3.8","ug/m3 LC","16","CCNY","1","100.0000","88502","Acceptable PM2.5 AQI & Speciation Mass","35620","New York-Newark-Jersey City, NY-NJ-PA","36","New York","061","New York","40.81976","-73.94825"
"04/03/2023","AQS","360610135","3","5.5","ug/m3 LC","23","CCNY","1","100.0000","88502","Acceptable PM2.5 AQI & Speciation Mass","35620","New York-Newark-Jersey City, NY-NJ-PA","36","New York","061","New York","40.81976","-73.94825"
"04/04/2023","AQS","360610135","3","11.1","ug/m3 LC","46","CCNY","1","100.0000","88502","Acceptable PM2.5 AQI & Speciation Mass","35620","New York-Newark-Jersey City, NY-NJ-PA","36","New York","061","New York","40.81976","-73.94825"
"04/05/2023","AQS","360610135","3","4.8","ug/m3 LC","20","CCNY","1","100.0000","88502","Acceptable PM2.5 AQI & Speciation Mass","35620","New York-Newark-Jersey City, NY-NJ-PA","36","New York","061","New York","40.81976","-73.94825"
"04/06/2023","AQS","360610135","3","6.3","ug/m3 LC","26","CCNY","1","100.0000","88502","Acceptable PM2.5 AQI & Speciation Mass","35620","New York-Newark-Jersey City, NY-NJ-PA","36","New York","061","New York","40.81976","-73.94825"
"04/07/2023","AQS","360610135","3","1.8","ug/m3 LC","8","CCNY","1","100.0000","88502","Acceptable PM2.5 AQI & Speciation Mass","35620","New York-Newark-Jersey City, NY-NJ-PA","36","New York","061","New York","40.81976","-73.94825"
"04/08/2023","AQS","360610135","3","2.8","ug/m3 LC","12","CCNY","1","100.0000","88502","Acceptable PM2.5 AQI & Speciation Mass","35620","New York-Newark-Jersey City, NY-NJ-PA","36","New York","061","New York","40.81976","-73.94825"
"04/09/2023","AQS","360610135","3","4.2","ug/m3 LC","18","CCNY","1","100.0000","88502","Acceptable PM2.5 AQI & Speciation Mass","35620","New York-Newark-Jersey City, NY-NJ-PA","36","New York","061","New York","40.81976","-73.94825"
"04/10/2023","AQS","360610135","3","5.8","ug/m3 LC","24","CCNY","1","100.0000","88502","Acceptable PM2.5 AQI & Speciation Mass","35620","New York-Newark-Jersey City, NY-NJ-PA","36","New York","061","New York","40.81976","-73.94825"
"04/11/2023","AQS","360610135","3","6.5","ug/m3 LC","27","CCNY","1","100.0000","88502","Acceptable PM2.5 AQI & Speciation Mass","35620","New York-Newark-Jersey City, NY-NJ-PA","36","New York","061","New York","40.81976","-73.94825"
"04/12/2023","AQS","360610135","3","9.6","ug/m3 LC","40","CCNY","1","100.0000","88502","Acceptable PM2.5 AQI & Speciation Mass","35620","New York-Newark-Jersey City, NY-NJ-PA","36","New York","061","New York","40.81976","-73.94825"
"04/13/2023","AQS","360610135","3","12.1","ug/m3 LC","51","CCNY","1","100.0000","88502","Acceptable PM2.5 AQI & Speciation Mass","35620","New York-Newark-Jersey City, NY-NJ-PA","36","New York","061","New York","40.81976","-73.94825"
"04/14/2023","AQS","360610135","3","15.7","ug/m3 LC","59","CCNY","1","100.0000","88502","Acceptable PM2.5 AQI & Speciation Mass","35620","New York-Newark-Jersey City, NY-NJ-PA","36","New York","061","New York","40.81976","-73.94825"
"04/15/2023","AQS","360610135","3","3.7","ug/m3 LC","15","CCNY","1","100.0000","88502","Acceptable PM2.5 AQI & Speciation Mass","35620","New York-Newark-Jersey City, NY-NJ-PA","36","New York","061","New York","40.81976","-73.94825"
"04/16/2023","AQS","360610135","3","4.3","ug/m3 LC","18","CCNY","1","100.0000","88502","Acceptable PM2.5 AQI & Speciation Mass","35620","New York-Newark-Jersey City, NY-NJ-PA","36","New York","061","New York","40.81976","-73.94825"
"04/17/2023","AQS","360610135","3","3.3","ug/m3 LC","14","CCNY","1","100.0000","88502","Acceptable PM2.5 AQI & Speciation Mass","35620","New York-Newark-Jersey City, NY-NJ-PA","36","New York","061","New York","40.81976","-73.94825"
"04/18/2023","AQS","360610135","3","2.9","ug/m3 LC","12","CCNY","1","100.0000","88502","Acceptable PM2.5 AQI & Speciation Mass","35620","New York-Newark-Jersey City, NY-NJ-PA","36","New York","061","New York","40.81976","-73.94825"
"04/19/2023","AQS","360610135","3","4.9","ug/m3 LC","20","CCNY","1","100.0000","88502","Acceptable PM2.5 AQI & Speciation Mass","35620","New York-Newark-Jersey City, NY-NJ-PA","36","New York","061","New York","40.81976","-73.94825"
"04/20/2023","AQS","360610135","3","4.6","ug/m3 LC","19","CCNY","1","100.0000","88502","Acceptable PM2.5 AQI & Speciation Mass","35620","New York-Newark-Jersey City, NY-NJ-PA","36","New York","061","New York","40.81976","-73.94825"
"04/21/2023","AQS","360610135","3","6","ug/m3 LC","25","CCNY","1","100.0000","88502","Acceptable PM2.5 AQI & Speciation Mass","35620","New York-Newark-Jersey City, NY-NJ-PA","36","New York","061","New York","40.81976","-73.94825"
"04/22/2023","AQS","360610135","3","7.9","ug/m3 LC","33","CCNY","1","100.0000","88502","Acceptable PM2.5 AQI & Speciation Mass","35620","New York-Newark-Jersey City, NY-NJ-PA","36","New York","061","New York","40.81976","-73.94825"
"04/23/2023","AQS","360610135","3","2.5","ug/m3 LC","10","CCNY","1","100.0000","88502","Acceptable PM2.5 AQI & Speciation Mass","35620","New York-Newark-Jersey City, NY-NJ-PA","36","New York","061","New York","40.81976","-73.94825"
"04/24/2023","AQS","360610135","3","2.6","ug/m3 LC","11","CCNY","1","100.0000","88502","Acceptable PM2.5 AQI & Speciation Mass","35620","New York-Newark-Jersey City, NY-NJ-PA","36","New York","061","New York","40.81976","-73.94825"
"04/25/2023","AQS","360610135","3","3.6","ug/m3 LC","15","CCNY","1","100.0000","88502","Acceptable PM2.5 AQI & Speciation Mass","35620","New York-Newark-Jersey City, NY-NJ-PA","36","New York","061","New York","40.81976","-73.94825"
"04/26/2023","AQS","360610135","3","5.7","ug/m3 LC","24","CCNY","1","100.0000","88502","Acceptable PM2.5 AQI & Speciation Mass","35620","New York-Newark-Jersey City, NY-NJ-PA","36","New York","061","New York","40.81976","-73.94825"
"04/27/2023","AQS","360610135","3","6.6","ug/m3 LC","28","CCNY","1","100.0000","88502","Acceptable PM2.5 AQI & Speciation Mass","35620","New York-Newark-Jersey City, NY-NJ-PA","36","New York","061","New York","40.81976","-73.94825"
"04/28/2023","AQS","360610135","3","4.6","ug/m3 LC","19","CCNY","1","100.0000","88502","Acceptable PM2.5 AQI & Speciation Mass","35620","New York-Newark-Jersey City, NY-NJ-PA","36","New York","061","New York","40.81976","-73.94825"
"04/29/2023","AQS","360610135","3","1.4","ug/m3 LC","6","CCNY","1","100.0000","88502","Acceptable PM2.5 AQI & Speciation Mass","35620","New York-Newark-Jersey City, NY-NJ-PA","36","New York","061","New York","40.81976","-73.94825"
"04/30/2023","AQS","360610135","3","-1.2","ug/m3 LC","0","CCNY","1","100.0000","88502","Acceptable PM2.5 AQI & Speciation Mass","35620","New York-Newark-Jersey City, NY-NJ-PA","36","New York","061","New York","40.81976","-73.94825"
"05/01/2023","AQS","360610135","3","2","ug/m3 LC","8","CCNY","1","100.0000","88502","Acceptable PM2.5 AQI & Speciation Mass","35620","New York-Newark-Jersey City, NY-NJ-PA","36","New York","061","New York","40.81976","-73.94825"
"05/02/2023","AQS","360610135","3","0.9","ug/m3 LC","4","CCNY","1","100.0000","88502","Acceptable PM2.5 AQI & Speciation Mass","35620","New York-Newark-Jersey City, NY-NJ-PA","36","New York","061","New York","40.81976","-73.94825"
"05/03/2023","AQS","360610135","3","1.9","ug/m3 LC","8","CCNY","1","100.0000","88502","Acceptable PM2.5 AQI & Speciation Mass","35620","New York-Newark-Jersey City, NY-NJ-PA","36","New York","061","New York","40.81976","-73.94825"
"05/04/2023","AQS","360610135","3","4.5","ug/m3 LC","19","CCNY","1","100.0000","88502","Acceptable PM2.5 AQI & Speciation Mass","35620","New York-Newark-Jersey City, NY-NJ-PA","36","New York","061","New York","40.81976","-73.94825"
"05/05/2023","AQS","360610135","3","4.2","ug/m3 LC","18","CCNY","1","100.0000","88502","Acceptable PM2.5 AQI & Speciation Mass","35620","New York-Newark-Jersey City, NY-NJ-PA","36","New York","061","New York","40.81976","-73.94825"
"05/06/2023","AQS","360610135","3","3.4","ug/m3 LC","14","CCNY","1","100.0000","88502","Acceptable PM2.5 AQI & Speciation Mass","35620","New York-Newark-Jersey City, NY-NJ-PA","36","New York","061","New York","40.81976","-73.94825"
"05/07/2023","AQS","360610135","3","3.8","ug/m3 LC","16","CCNY","1","100.0000","88502","Acceptable PM2.5 AQI & Speciation Mass","35620","New York-Newark-Jersey City, NY-NJ-PA","36","New York","061","New York","40.81976","-73.94825"
"05/08/2023","AQS","360610135","3","3.7","ug/m3 LC","15","CCNY","1","100.0000","88502","Acceptable PM2.5 AQI & Speciation Mass","35620","New York-Newark-Jersey City, NY-NJ-PA","36","New York","061","New York","40.81976","-73.94825"
"05/10/2023","AQS","360610135","3","4.6","ug/m3 LC","19","CCNY","1","100.0000","88502","Acceptable PM2.5 AQI & Speciation Mass","35620","New York-Newark-Jersey City, NY-NJ-PA","36","New York","061","New York","40.81976","-73.94825"
"05/11/2023","AQS","360610135","3","11","ug/m3 LC","46","CCNY","1","100.0000","88502","Acceptable PM2.5 AQI & Speciation Mass","35620","New York-Newark-Jersey City, NY-NJ-PA","36","New York","061","New York","40.81976","-73.94825"
"05/12/2023","AQS","360610135","3","14.1","ug/m3 LC","55","CCNY","1","100.0000","88502","Acceptable PM2.5 AQI & Speciation Mass","35620","New York-Newark-Jersey City, NY-NJ-PA","36","New York","061","New York","40.81976","-73.94825"
"05/13/2023","AQS","360610135","3","10","ug/m3 LC","42","CCNY","1","100.0000","88502","Acceptable PM2.5 AQI & Speciation Mass","35620","New York-Newark-Jersey City, NY-NJ-PA","36","New York","061","New York","40.81976","-73.94825"
"05/14/2023","AQS","360610135","3","5.1","ug/m3 LC","21","CCNY","1","100.0000","88502","Acceptable PM2.5 AQI & Speciation Mass","35620","New York-Newark-Jersey City, NY-NJ-PA","36","New York","061","New York","40.81976","-73.94825"
"05/15/2023","AQS","360610135","3","2.4","ug/m3 LC","10","CCNY","1","100.0000","88502","Acceptable PM2.5 AQI & Speciation Mass","35620","New York-Newark-Jersey City, NY-NJ-PA","36","New York","061","New York","40.81976","-73.94825"
"05/16/2023","AQS","360610135","3","5.8","ug/m3 LC","24","CCNY","1","100.0000","88502","Acceptable PM2.5 AQI & Speciation Mass","35620","New York-Newark-Jersey City, NY-NJ-PA","36","New York","061","New York","40.81976","-73.94825"
"05/17/2023","AQS","360610135","3","4","ug/m3 LC","17","CCNY","1","100.0000","88502","Acceptable PM2.5 AQI & Speciation Mass","35620","New York-Newark-Jersey City, NY-NJ-PA","36","New York","061","New York","40.81976","-73.94825"
"05/18/2023","AQS","360610135","3","4.9","ug/m3 LC","20","CCNY","1","100.0000","88502","Acceptable PM2.5 AQI & Speciation Mass","35620","New York-Newark-Jersey City, NY-NJ-PA","36","New York","061","New York","40.81976","-73.94825"
"05/19/2023","AQS","360610135","3","3","ug/m3 LC","13","CCNY","1","100.0000","88502","Acceptable PM2.5 AQI & Speciation Mass","35620","New York-Newark-Jersey City, NY-NJ-PA","36","New York","061","New York","40.81976","-73.94825"
"05/20/2023","AQS","360610135","3","2","ug/m3 LC","8","CCNY","1","100.0000","88502","Acceptable PM2.5 AQI & Speciation Mass","35620","New York-Newark-Jersey City, NY-NJ-PA","36","New York","061","New York","40.81976","-73.94825"
"05/21/2023","AQS","360610135","3","8.2","ug/m3 LC","34","CCNY","1","100.0000","88502","Acceptable PM2.5 AQI & Speciation Mass","35620","New York-Newark-Jersey City, NY-NJ-PA","36","New York","061","New York","40.81976","-73.94825"
"05/22/2023","AQS","360610135","3","12.5","ug/m3 LC","52","CCNY","1","100.0000","88502","Acceptable PM2.5 AQI & Speciation Mass","35620","New York-Newark-Jersey City, NY-NJ-PA","36","New York","061","New York","40.81976","-73.94825"
"05/23/2023","AQS","360610135","3","6.7","ug/m3 LC","28","CCNY","1","100.0000","88502","Acceptable PM2.5 AQI & Speciation Mass","35620","New York-Newark-Jersey City, NY-NJ-PA","36","New York","061","New York","40.81976","-73.94825"
"05/24/2023","AQS","360610135","3","6.3","ug/m3 LC","26","CCNY","1","100.0000","88502","Acceptable PM2.5 AQI & Speciation Mass","35620","New York-Newark-Jersey City, NY-NJ-PA","36","New York","061","New York","40.81976","-73.94825"
"05/25/2023","AQS","360610135","3","1","ug/m3 LC","4","CCNY","1","100.0000","88502","Acceptable PM2.5 AQI & Speciation Mass","35620","New York-Newark-Jersey City, NY-NJ-PA","36","New York","061","New York","40.81976","-73.94825"
"05/26/2023","AQS","360610135","3","4","ug/m3 LC","17","CCNY","1","100.0000","88502","Acceptable PM2.5 AQI & Speciation Mass","35620","New York-Newark-Jersey City, NY-NJ-PA","36","New York","061","New York","40.81976","-73.94825"
"05/27/2023","AQS","360610135","3","4.8","ug/m3 LC","20","CCNY","1","100.0000","88502","Acceptable PM2.5 AQI & Speciation Mass","35620","New York-Newark-Jersey City, NY-NJ-PA","36","New York","061","New York","40.81976","-73.94825"
"05/28/2023","AQS","360610135","3","4.6","ug/m3 LC","19","CCNY","1","100.0000","88502","Acceptable PM2.5 AQI & Speciation Mass","35620","New York-Newark-Jersey City, NY-NJ-PA","36","New York","061","New York","40.81976","-73.94825"
"05/29/2023","AQS","360610135","3","7.2","ug/m3 LC","30","CCNY","1","100.0000","88502","Acceptable PM2.5 AQI & Speciation Mass","35620","New York-Newark-Jersey City, NY-NJ-PA","36","New York","061","New York","40.81976","-73.94825"
"05/30/2023","AQS","360610135","3","9.2","ug/m3 LC","38","CCNY","1","100.0000","88502","Acceptable PM2.5 AQI & Speciation Mass","35620","New York-Newark-Jersey City, NY-NJ-PA","36","New York","061","New York","40.81976","-73.94825"
"05/31/2023","AQS","360610135","3","7.7","ug/m3 LC","32","CCNY","1","100.0000","88502","Acceptable PM2.5 AQI & Speciation Mass","35620","New York-Newark-Jersey City, NY-NJ-PA","36","New York","061","New York","40.81976","-73.94825"
"06/01/2023","AQS","360610135","3","12.2","ug/m3 LC","51","CCNY","1","100.0000","88502","Acceptable PM2.5 AQI & Speciation Mass","35620","New York-Newark-Jersey City, NY-NJ-PA","36","New York","061","New York","40.81976","-73.94825"
"06/02/2023","AQS","360610135","3","14.9","ug/m3 LC","57","CCNY","1","100.0000","88502","Acceptable PM2.5 AQI & Speciation Mass","35620","New York-Newark-Jersey City, NY-NJ-PA","36","New York","061","New York","40.81976","-73.94825"
"06/03/2023","AQS","360610135","3","6.2","ug/m3 LC","26","CCNY","1","100.0000","88502","Acceptable PM2.5 AQI & Speciation Mass","35620","New York-Newark-Jersey City, NY-NJ-PA","36","New York","061","New York","40.81976","-73.94825"
"06/04/2023","AQS","360610135","3","0","ug/m3 LC","0","CCNY","1","100.0000","88502","Acceptable PM2.5 AQI & Speciation Mass","35620","New York-Newark-Jersey City, NY-NJ-PA","36","New York","061","New York","40.81976","-73.94825"
"06/05/2023","AQS","360610135","3","6.7","ug/m3 LC","28","CCNY","1","100.0000","88502","Acceptable PM2.5 AQI & Speciation Mass","35620","New York-Newark-Jersey City, NY-NJ-PA","36","New York","061","New York","40.81976","-73.94825"
"06/06/2023","AQS","360610135","3","64.9","ug/m3 LC","156","CCNY","1","100.0000","88502","Acceptable PM2.5 AQI & Speciation Mass","35620","New York-Newark-Jersey City, NY-NJ-PA","36","New York","061","New York","40.81976","-73.94825"
"06/07/2023","AQS","360610135","3","124.1","ug/m3 LC","186","CCNY","1","100.0000","88502","Acceptable PM2.5 AQI & Speciation Mass","35620","New York-Newark-Jersey City, NY-NJ-PA","36","New York","061","New York","40.81976","-73.94825"
"06/08/2023","AQS","360610135","3","60.5","ug/m3 LC","154","CCNY","1","100.0000","88502","Acceptable PM2.5 AQI & Speciation Mass","35620","New York-Newark-Jersey City, NY-NJ-PA","36","New York","061","New York","40.81976","-73.94825"
"06/09/2023","AQS","360610135","3","3.4","ug/m3 LC","14","CCNY","1","100.0000","88502","Acceptable PM2.5 AQI & Speciation Mass","35620","New York-Newark-Jersey City, NY-NJ-PA","36","New York","061","New York","40.81976","-73.94825"
"06/10/2023","AQS","360610135","3","8.3","ug/m3 LC","35","CCNY","1","100.0000","88502","Acceptable PM2.5 AQI & Speciation Mass","35620","New York-Newark-Jersey City, NY-NJ-PA","36","New York","061","New York","40.81976","-73.94825"
"06/11/2023","AQS","360610135","3","22","ug/m3 LC","72","CCNY","1","100.0000","88502","Acceptable PM2.5 AQI & Speciation Mass","35620","New York-Newark-Jersey City, NY-NJ-PA","36","New York","061","New York","40.81976","-73.94825"
"06/12/2023","AQS","360610135","3","16.3","ug/m3 LC","60","CCNY","1","100.0000","88502","Acceptable PM2.5 AQI & Speciation Mass","35620","New York-Newark-Jersey City, NY-NJ-PA","36","New York","061","New York","40.81976","-73.94825"
"06/13/2023","AQS","360610135","3","2.8","ug/m3 LC","12","CCNY","1","100.0000","88502","Acceptable PM2.5 AQI & Speciation Mass","35620","New York-Newark-Jersey City, NY-NJ-PA","36","New York","061","New York","40.81976","-73.94825"
"06/14/2023","AQS","360610135","3","4.8","ug/m3 LC","20","CCNY","1","100.0000","88502","Acceptable PM2.5 AQI & Speciation Mass","35620","New York-Newark-Jersey City, NY-NJ-PA","36","New York","061","New York","40.81976","-73.94825"
